ID,Name,Price in USD,Price in SGD
001/162,Scyther [Grass] [C - Common] (Non-Foil),0.25,0.5
001/162,Scyther [Grass] [C - Common] (Reverse Holo),0.35,1.0
002/162,Pineco [Grass] [C - Common] (Non-Foil),0.25,0.5
002/162,Pineco [Grass] [C - Common] (Reverse Holo),0.35,1.0
003/162,Seedot [Grass] [C - Common] (Non-Foil),0.25,0.5
003/162,Seedot [Grass] [C - Common] (Reverse Holo),0.35,1.0
004/162,Nuzleaf [Grass] [C - Common] (Non-Foil),0.25,0.5
004/162,Nuzleaf [Grass] [C - Common] (Reverse Holo),0.35,1.0
005/162,Shiftry [Grass] [U - Uncommon] (Non-Foil),0.25,0.5
005/162,Shiftry [Grass] [U - Uncommon] (Reverse Holo),0.35,1.0
006/162,Shroomish [Grass] [C - Common] (Non-Foil),0.25,0.5
006/162,Shroomish [Grass] [C - Common] (Reverse Holo),0.35,1.0
007/162,Breloom [Grass] [C - Common] (Non-Foil),0.25,0.5
007/162,Breloom [Grass] [C - Common] (Reverse Holo),0.35,1.0
008/162,Roselia [Grass] [C - Common] (Non-Foil),0.25,0.5
008/162,Roselia [Grass] [C - Common] (Reverse Holo),0.35,1.0
009/162,Roserade [Grass] [U - Uncommon] (Non-Foil),0.25,0.5
009/162,Roserade [Grass] [U - Uncommon] (Reverse Holo),0.35,1.0
010/162,Turtwig [Grass] [C - Common] (Non-Foil),0.25,0.5
010/162,Turtwig [Grass] [C - Common] (Reverse Holo),0.35,1.0
011/162,Grotle [Grass] [C - Common] (Non-Foil),0.25,0.5
011/162,Grotle [Grass] [C - Common] (Reverse Holo),0.35,1.0
012/162,Torterra ex [Grass] [RR - Double Rare] (Foil),1.49,2.0
013/162,Shaymin [Grass] [U - Uncommon] (Non-Foil),0.25,0.5
013/162,Shaymin [Grass] [U - Uncommon] (Reverse Holo),0.35,1.0
014/162,Cottonee [Grass] [C - Common] (Non-Foil),0.25,0.5
014/162,Cottonee [Grass] [C - Common] (Reverse Holo),0.35,1.0
015/162,Whimsicott [Grass] [R - Rare] (Foil),0.35,0.5
015/162,Whimsicott [Grass] [R - Rare] (Reverse Holo),0.39,1.0
016/162,Deerling [Grass] [C - Common] (Non-Foil),0.25,0.5
016/162,Deerling [Grass] [C - Common] (Reverse Holo),0.35,1.0
017/162,Sawsbuck [Grass] [U - Uncommon] (Non-Foil),0.25,0.5
017/162,Sawsbuck [Grass] [U - Uncommon] (Reverse Holo),0.35,1.0
018/162,Grubbin [Grass] [C - Common] (Non-Foil),0.25,0.5
018/162,Grubbin [Grass] [C - Common] (Reverse Holo),0.35,1.0
019/162,Dhelmise [Grass] [U - Uncommon] (Non-Foil),0.25,0.5
019/162,Dhelmise [Grass] [U - Uncommon] (Reverse Holo),0.35,1.0
020/162,Bramblin [Grass] [C - Common] (Non-Foil),0.25,0.5
020/162,Bramblin [Grass] [C - Common] (Reverse Holo),0.35,1.0
021/162,Brambleghast [Grass] [R - Rare] (Foil),0.35,0.5
021/162,Brambleghast [Grass] [R - Rare] (Reverse Holo),0.49,1.0
022/162,Scovillain ex [Grass] [RR - Double Rare] (Foil),1.49,2.0
023/162,Rellor [Grass] [C - Common] (Non-Foil),0.25,0.5
023/162,Rellor [Grass] [C - Common] (Reverse Holo),0.35,1.0
024/162,Rabsca [Grass] [U - Uncommon] (Non-Foil),0.25,0.5
024/162,Rabsca [Grass] [U - Uncommon] (Reverse Holo),0.35,1.0
025/162,Iron Leaves ex [Grass] [RR - Double Rare] (Foil),1.49,2.0
026/162,Ponyta [Fire] [C - Common] (Non-Foil),0.25,0.5
026/162,Ponyta [Fire] [C - Common] (Reverse Holo),0.35,1.0
027/162,Rapidash [Fire] [U - Uncommon] (Non-Foil),0.25,0.5
027/162,Rapidash [Fire] [U - Uncommon] (Reverse Holo),0.35,1.0
028/162,Slugma [Fire] [C - Common] (Non-Foil),0.25,0.5
028/162,Slugma [Fire] [C - Common] (Reverse Holo),0.35,1.0
029/162,Magcargo [Fire] [R - Rare] (Foil),0.35,0.5
029/162,Magcargo [Fire] [R - Rare] (Reverse Holo),0.39,1.0
030/162,Victini [Fire] [C - Common] (Non-Foil),0.25,0.5
030/162,Victini [Fire] [C - Common] (Reverse Holo),0.35,1.0
031/162,Heatmor [Fire] [C - Common] (Non-Foil),0.25,0.5
031/162,Heatmor [Fire] [C - Common] (Reverse Holo),0.35,1.0
032/162,Litten [Fire] [C - Common] (Non-Foil),0.25,0.5
032/162,Litten [Fire] [C - Common] (Reverse Holo),0.35,1.0
033/162,Torracat [Fire] [C - Common] (Non-Foil),0.25,0.5
033/162,Torracat [Fire] [C - Common] (Reverse Holo),0.35,1.0
034/162,Incineroar ex [Fire] [RR - Double Rare] (Foil),1.49,2.0
035/162,Turtonator [Fire] [C - Common] (Non-Foil),0.25,0.5
035/162,Turtonator [Fire] [C - Common] (Reverse Holo),0.35,1.0
036/162,Sizzlipede [Fire] [C - Common] (Non-Foil),0.25,0.5
036/162,Sizzlipede [Fire] [C - Common] (Reverse Holo),0.35,1.0
037/162,Centiskorch [Fire] [U - Uncommon] (Non-Foil),0.25,0.5
037/162,Centiskorch [Fire] [U - Uncommon] (Reverse Holo),0.35,1.0
038/162,Gouging Fire ex [Fire] [RR - Double Rare] (Foil),1.49,2.0
039/162,Totodile [Water] [C - Common] (Non-Foil),0.25,0.5
039/162,Totodile [Water] [C - Common] (Reverse Holo),0.35,1.0
040/162,Croconaw [Water] [C - Common] (Non-Foil),0.25,0.5
040/162,Croconaw [Water] [C - Common] (Reverse Holo),0.35,1.0
041/162,Feraligatr [Water] [R - Rare] (Foil),0.35,0.5
041/162,Feraligatr [Water] [R - Rare] (Reverse Holo),0.59,1.0
042/162,Carvanha [Water] [C - Common] (Non-Foil),0.25,0.5
042/162,Carvanha [Water] [C - Common] (Reverse Holo),0.35,1.0
043/162,Sharpedo [Water] [U - Uncommon] (Non-Foil),0.25,0.5
043/162,Sharpedo [Water] [U - Uncommon] (Reverse Holo),0.35,1.0
044/162,Keldeo [Water] [C - Common] (Non-Foil),0.25,0.5
044/162,Keldeo [Water] [C - Common] (Reverse Holo),0.35,1.0
045/162,Snom [Water] [C - Common] (Non-Foil),0.25,0.5
045/162,Snom [Water] [C - Common] (Reverse Holo),0.35,1.0
046/162,Frosmoth [Water] [C - Common] (Non-Foil),0.25,0.5
046/162,Frosmoth [Water] [C - Common] (Reverse Holo),0.35,1.0
047/162,Wiglett [Water] [C - Common] (Non-Foil),0.25,0.5
047/162,Wiglett [Water] [C - Common] (Reverse Holo),0.35,1.0
048/162,Finizen [Water] [C - Common] (Non-Foil),0.25,0.5
048/162,Finizen [Water] [C - Common] (Reverse Holo),0.35,1.0
049/162,Palafin [Water] [U - Uncommon] (Non-Foil),0.25,0.5
049/162,Palafin [Water] [U - Uncommon] (Reverse Holo),0.35,1.0
050/162,Walking Wake ex [Water] [RR - Double Rare] (Foil),1.49,2.0
051/162,Pikachu [Lightning] [C - Common] (Non-Foil),0.35,0.5
051/162,Pikachu [Lightning] [C - Common] (Reverse Holo),0.35,1.0
052/162,Raichu [Lightning] [C - Common] (Non-Foil),0.25,0.5
052/162,Raichu [Lightning] [C - Common] (Reverse Holo),0.35,1.0
053/162,Electabuzz [Lightning] [C - Common] (Non-Foil),0.25,0.5
053/162,Electabuzz [Lightning] [C - Common] (Reverse Holo),0.35,1.0
054/162,Electivire [Lightning] [U - Uncommon] (Non-Foil),0.25,0.5
054/162,Electivire [Lightning] [U - Uncommon] (Reverse Holo),0.35,1.0
055/162,Charjabug [Lightning] [C - Common] (Non-Foil),0.25,0.5
055/162,Charjabug [Lightning] [C - Common] (Reverse Holo),0.35,1.0
056/162,Vikavolt [Lightning] [U - Uncommon] (Non-Foil),0.25,0.5
056/162,Vikavolt [Lightning] [U - Uncommon] (Reverse Holo),0.35,1.0
057/162,Zeraora [Lightning] [U - Uncommon] (Non-Foil),0.25,0.5
057/162,Zeraora [Lightning] [U - Uncommon] (Reverse Holo),0.35,1.0
058/162,Yamper [Lightning] [C - Common] (Non-Foil),0.25,0.5
058/162,Yamper [Lightning] [C - Common] (Reverse Holo),0.35,1.0
059/162,Boltund [Lightning] [U - Uncommon] (Non-Foil),0.25,0.5
059/162,Boltund [Lightning] [U - Uncommon] (Reverse Holo),0.35,1.0
060/162,Wugtrio ex [Lightning] [RR - Double Rare] (Foil),1.49,2.0
061/162,Iron Hands [Lightning] [U - Uncommon] (Non-Foil),0.25,0.5
061/162,Iron Hands [Lightning] [U - Uncommon] (Reverse Holo),0.59,1.0
062/162,Iron Thorns [Lightning] [R - Rare] (Foil),0.59,0.8
062/162,Iron Thorns [Lightning] [R - Rare] (Reverse Holo),0.69,1.0
063/162,Mr. Mime [Psychic] [C - Common] (Non-Foil),0.25,0.5
063/162,Mr. Mime [Psychic] [C - Common] (Reverse Holo),0.35,1.0
064/162,Marill [Psychic] [C - Common] (Non-Foil),0.25,0.5
064/162,Marill [Psychic] [C - Common] (Reverse Holo),0.35,1.0
065/162,Azumarill [Psychic] [C - Common] (Non-Foil),0.25,0.5
065/162,Azumarill [Psychic] [C - Common] (Reverse Holo),0.35,1.0
066/162,Girafarig [Psychic] [C - Common] (Non-Foil),0.25,0.5
066/162,Girafarig [Psychic] [C - Common] (Reverse Holo),0.35,1.0
067/162,Latias [Psychic] [U - Uncommon] (Non-Foil),0.25,0.5
067/162,Latias [Psychic] [U - Uncommon] (Reverse Holo),0.35,1.0
068/162,Bronzor [Psychic] [C - Common] (Non-Foil),0.25,0.5
068/162,Bronzor [Psychic] [C - Common] (Reverse Holo),0.35,1.0
069/162,Bronzong [Psychic] [U - Uncommon] (Non-Foil),0.25,0.5
069/162,Bronzong [Psychic] [U - Uncommon] (Reverse Holo),0.35,1.0
070/162,Solosis [Psychic] [C - Common] (Non-Foil),0.25,0.5
070/162,Solosis [Psychic] [C - Common] (Reverse Holo),0.35,1.0
071/162,Duosion [Psychic] [C - Common] (Non-Foil),0.25,0.5
071/162,Duosion [Psychic] [C - Common] (Reverse Holo),0.35,1.0
072/162,Reuniclus [Psychic] [U - Uncommon] (Non-Foil),0.25,0.5
072/162,Reuniclus [Psychic] [U - Uncommon] (Reverse Holo),0.35,1.0
073/162,Elgyem [Psychic] [C - Common] (Non-Foil),0.25,0.5
073/162,Elgyem [Psychic] [C - Common] (Reverse Holo),0.35,1.0
074/162,Beheeyem [Psychic] [U - Uncommon] (Non-Foil),0.25,0.5
074/162,Beheeyem [Psychic] [U - Uncommon] (Reverse Holo),0.35,1.0
075/162,Cutiefly [Psychic] [C - Common] (Non-Foil),0.25,0.5
075/162,Cutiefly [Psychic] [C - Common] (Reverse Holo),0.35,1.0
076/162,Ribombeee [Psychic] [U - Uncommon] (Non-Foil),0.25,0.5
076/162,Ribombeee [Psychic] [U - Uncommon] (Reverse Holo),0.35,1.0
077/162,Scream Tail [Psychic] [U - Uncommon] (Non-Foil),0.25,0.5
077/162,Scream Tail [Psychic] [U - Uncommon] (Reverse Holo),0.35,1.0
078/162,Flutter Mane [Psychic] [R - Rare] (Foil),0.49,0.7
078/162,Flutter Mane [Psychic] [R - Rare] (Reverse Holo),0.79,1.1
079/162,Iron Valiant [Psychic] [U - Uncommon] (Non-Foil),0.25,0.5
079/162,Iron Valiant [Psychic] [U - Uncommon] (Reverse Holo),0.35,1.0
080/162,Iron Valiant [Psychic] [R - Rare] (Foil),0.35,0.5
080/162,Iron Valiant [Psychic] [R - Rare] (Reverse Holo),0.49,1.0
081/162,Iron Crown ex [Psychic] [RR - Double Rare] (Foil),3.49,4.7
082/162,Meditite [Fighting] [C - Common] (Non-Foil),0.25,0.5
082/162,Meditite [Fighting] [C - Common] (Reverse Holo),0.35,1.0
083/162,Medicham [Fighting] [C - Common] (Non-Foil),0.25,0.5
083/162,Medicham [Fighting] [C - Common] (Reverse Holo),0.35,1.0
084/162,Relicanth [Fighting] [R - Rare] (Foil),0.35,0.5
084/162,Relicanth [Fighting] [R - Rare] (Reverse Holo),0.69,1.0
085/162,Drilbur [Fighting] [C - Common] (Non-Foil),0.25,0.5
085/162,Drilbur [Fighting] [C - Common] (Reverse Holo),0.35,1.0
086/162,Excadrill [Fighting] [U - Uncommon] (Non-Foil),0.25,0.5
086/162,Excadrill [Fighting] [U - Uncommon] (Reverse Holo),0.35,1.0
087/162,Golett [Fighting] [C - Common] (Non-Foil),0.25,0.5
087/162,Golett [Fighting] [C - Common] (Reverse Holo),0.35,1.0
088/162,Golurk [Fighting] [U - Uncommon] (Non-Foil),0.25,0.5
088/162,Golurk [Fighting] [U - Uncommon] (Reverse Holo),0.35,1.0
089/162,Rockruff [Fighting] [C - Common] (Non-Foil),0.25,0.5
089/162,Rockruff [Fighting] [C - Common] (Reverse Holo),0.35,1.0
090/162,Lycanroc [Fighting] [U - Uncommon] (Non-Foil),0.25,0.5
090/162,Lycanroc [Fighting] [U - Uncommon] (Reverse Holo),0.35,1.0
091/162,Mudbray [Fighting] [C - Common] (Non-Foil),0.25,0.5
091/162,Mudbray [Fighting] [C - Common] (Reverse Holo),0.35,1.0
092/162,Mudsdale [Fighting] [U - Uncommon] (Non-Foil),0.25,0.5
092/162,Mudsdale [Fighting] [U - Uncommon] (Reverse Holo),0.35,1.0
093/162,Rolycoly [Fighting] [C - Common] (Non-Foil),0.25,0.5
093/162,Rolycoly [Fighting] [C - Common] (Reverse Holo),0.35,1.0
094/162,Carkol [Fighting] [C - Common] (Non-Foil),0.25,0.5
094/162,Carkol [Fighting] [C - Common] (Reverse Holo),0.35,1.0
095/162,Coalossal [Fighting] [U - Uncommon] (Non-Foil),0.25,0.5
095/162,Coalossal [Fighting] [U - Uncommon] (Reverse Holo),0.35,1.0
096/162,Great Tusk [Fighting] [U - Uncommon] (Non-Foil),0.25,0.5
096/162,Great Tusk [Fighting] [U - Uncommon] (Reverse Holo),0.35,1.0
097/162,Great Tusk [Fighting] [U - Uncommon] (Non-Foil),0.39,0.5
097/162,Great Tusk [Fighting] [U - Uncommon] (Reverse Holo),0.49,1.0
098/162,Sandy Shocks [Fighting] [U - Uncommon] (Non-Foil),0.49,0.7
098/162,Sandy Shocks [Fighting] [U - Uncommon] (Reverse Holo),0.79,1.1
099/162,Iron Boulder ex [Fighting] [RR - Double Rare] (Foil),1.49,2.0
100/162,Ekans [Darkness] [C - Common] (Non-Foil),0.25,0.5
100/162,Ekans [Darkness] [C - Common] (Reverse Holo),0.35,1.0
101/162,Arbok [Darkness] [C - Common] (Non-Foil),0.25,0.5
101/162,Arbok [Darkness] [C - Common] (Reverse Holo),0.35,1.0
102/162,Gastly [Darkness] [C - Common] (Non-Foil),0.25,0.5
102/162,Gastly [Darkness] [C - Common] (Reverse Holo),0.35,1.0
103/162,Haunter [Darkness] [C - Common] (Non-Foil),0.35,0.5
103/162,Haunter [Darkness] [C - Common] (Reverse Holo),0.35,1.0
104/162,Gengar ex [Darkness] [RR - Double Rare] (Foil),2.29,3.1
105/162,Poochyena [Darkness] [C - Common] (Non-Foil),0.25,0.5
105/162,Poochyena [Darkness] [C - Common] (Reverse Holo),0.35,1.0
106/162,Mightyena [Darkness] [C - Common] (Non-Foil),0.25,0.5
106/162,Mightyena [Darkness] [C - Common] (Reverse Holo),0.35,1.0
107/162,Sableye [Darkness] [U - Uncommon] (Non-Foil),0.25,0.5
107/162,Sableye [Darkness] [U - Uncommon] (Reverse Holo),0.35,1.0
108/162,Farigiraf ex [Darkness] [RR - Double Rare] (Foil),1.49,2.0
109/162,Roaring Moon [Darkness] [R - Rare] (Foil),0.49,0.7
109/162,Roaring Moon [Darkness] [R - Rare] (Reverse Holo),1.49,2.0
110/162,Forrestress [Metal] [U - Uncommon] (Non-Foil),0.25,0.5
110/162,Forrestress [Metal] [U - Uncommon] (Reverse Holo),0.35,1.0
111/162,Scizor ex [Metal] [RR - Double Rare] (Foil),1.49,2.0
112/162,Mawile [Metal] [C - Common] (Non-Foil),0.25,0.5
112/162,Mawile [Metal] [C - Common] (Reverse Holo),0.35,1.0
113/162,Beldum [Metal] [C - Common] (Non-Foil),0.25,0.5
113/162,Beldum [Metal] [C - Common] (Reverse Holo),0.39,1.0
114/162,Metang [Metal] [C - Common] (Non-Foil),0.49,0.7
114/162,Metang [Metal] [C - Common] (Reverse Holo),0.49,1.0
115/162,Metagross [Metal] [U - Uncommon] (Non-Foil),0.25,0.5
115/162,Metagross [Metal] [U - Uncommon] (Reverse Holo),0.35,1.0
116/162,Meltan [Metal] [C - Common] (Non-Foil),0.25,0.5
116/162,Meltan [Metal] [C - Common] (Reverse Holo),0.35,1.0
117/162,Melmetal [Metal] [R - Rare] (Foil),0.35,0.5
117/162,Melmetal [Metal] [R - Rare] (Reverse Holo),0.35,1.0
118/162,Iron Threads [Metal] [U - Uncommon] (Non-Foil),0.25,0.5
118/162,Iron Threads [Metal] [U - Uncommon] (Reverse Holo),0.49,1.0
119/162,Koraidon [Dragon] [R - Rare] (Foil),0.49,0.7
119/162,Koraidon [Dragon] [R - Rare] (Reverse Holo),0.59,1.0
120/162,Koraidon ex [Dragon] [RR - Double Rare] (Foil),1.49,2.0
121/162,Miraidon [Dragon] [R - Rare] (Foil),0.49,0.7
121/162,Miraidon [Dragon] [R - Rare] (Reverse Holo),0.39,1.0
122/162,Miraidon ex [Dragon] [RR - Double Rare] (Foil),1.49,2.0
123/162,Raging Bolt ex [Dragon] [RR - Double Rare] (Foil),5.49,7.4
124/162,Lickitung [Colorless] [C - Common] (Non-Foil),0.25,0.5
124/162,Lickitung [Colorless] [C - Common] (Reverse Holo),0.35,1.0
125/162,Lickilicky [Colorless] [C - Common] (Non-Foil),0.25,0.5
125/162,Lickilicky [Colorless] [C - Common] (Reverse Holo),0.35,1.0
126/162,Hoothoot [Colorless] [C - Common] (Non-Foil),0.25,0.5
126/162,Hoothoot [Colorless] [C - Common] (Reverse Holo),0.35,1.0
127/162,Noctowl [Colorless] [C - Common] (Non-Foil),0.25,0.5
127/162,Noctowl [Colorless] [C - Common] (Reverse Holo),0.35,1.0
128/162,Dunsparce [Colorless] [C - Common] (Non-Foil),0.75,1.0
128/162,Dunsparce [Colorless] [C - Common] (Reverse Holo),0.69,1.0
129/162,Dudunsparce [Colorless] [R - Rare] (Foil),0.49,0.7
129/162,Dudunsparce [Colorless] [R - Rare] (Reverse Holo),0.79,1.1
130/162,Skitty [Colorless] [C - Common] (Non-Foil),0.25,0.5
130/162,Skitty [Colorless] [C - Common] (Reverse Holo),0.35,1.0
131/162,Delcatty [Colorless] [U - Uncommon] (Non-Foil),0.25,0.5
131/162,Delcatty [Colorless] [U - Uncommon] (Reverse Holo),0.35,1.0
132/162,Chatot [Colorless] [C - Common] (Non-Foil),0.25,0.5
132/162,Chatot [Colorless] [C - Common] (Reverse Holo),0.35,1.0
133/162,Pidove [Colorless] [C - Common] (Non-Foil),0.25,0.5
133/162,Pidove [Colorless] [C - Common] (Reverse Holo),0.35,1.0
134/162,Tranquill [Colorless] [C - Common] (Non-Foil),0.25,0.5
134/162,Tranquill [Colorless] [C - Common] (Reverse Holo),0.35,1.0
135/162,Unfezant [Colorless] [U - Uncommon] (Non-Foil),0.25,0.5
135/162,Unfezant [Colorless] [U - Uncommon] (Reverse Holo),0.35,1.0
136/162,Minccino [Colorless] [C - Common] (Non-Foil),0.25,0.5
136/162,Minccino [Colorless] [C - Common] (Reverse Holo),0.35,1.0
137/162,Cinccino [Colorless] [U - Uncommon] (Non-Foil),0.49,0.7
137/162,Cinccino [Colorless] [U - Uncommon] (Reverse Holo),0.49,1.0
138/162,Drampa [Colorless] [R - Rare] (Foil),0.35,0.5
138/162,Drampa [Colorless] [R - Rare] (Reverse Holo),0.39,1.0
139/162,Iron Jugulis [Colorless] [U - Uncommon] (Non-Foil),0.25,0.5
139/162,Iron Jugulis [Colorless] [U - Uncommon] (Reverse Holo),0.35,1.0
140/162,Ancient Booster Energy Capsule [Pokemon Tool] [U - Uncommon] (Non-Foil),0.25,0.5
140/162,Ancient Booster Energy Capsule [Pokemon Tool] [U - Uncommon] (Reverse Holo),0.49,1.0
141/162,Awakening Drum [Item] [AS - ACE SPEC] (Foil),1.79,2.4
142/162,Bianca's Devotion [Supporter] [U - Uncommon] (Non-Foil),0.25,0.5
142/162,Bianca's Devotion [Supporter] [U - Uncommon] (Reverse Holo),0.59,1.0
143/162,Boxed Order [Item] [U - Uncommon] (Non-Foil),0.35,0.5
143/162,Boxed Order [Item] [U - Uncommon] (Reverse Holo),0.39,1.0
144/162,Buddy-Buddy Poffin [Item] [U - Uncommon] (Non-Foil),2.99,4.1
144/162,Buddy-Buddy Poffin [Item] [U - Uncommon] (Reverse Holo),4.25,5.8
145/162,Ciphermaniac's Codebreaking [Supporter] [U - Uncommon] (Non-Foil),0.49,0.7
145/162,Ciphermaniac's Codebreaking [Supporter] [U - Uncommon] (Reverse Holo),0.99,1.3
146/162,Eri [Supporter] [U - Uncommon] (Non-Foil),0.49,0.7
146/162,Eri [Supporter] [U - Uncommon] (Reverse Holo),0.79,1.1
147/162,Explorer's Guidance [Supporter] [U - Uncommon] (Non-Foil),0.75,1.0
147/162,Explorer's Guidance [Supporter] [U - Uncommon] (Reverse Holo),0.99,1.3
148/162,Full Metal Lab [Stadium] [U - Uncommon] (Non-Foil),0.29,0.5
148/162,Full Metal Lab [Stadium] [U - Uncommon] (Reverse Holo),0.69,1.0
149/162,Future Booster Energy Capsule [Pokemon Tool] [U - Uncommon] (Non-Foil),0.25,0.5
149/162,Future Booster Energy Capsule [Pokemon Tool] [U - Uncommon] (Reverse Holo),0.35,1.0
150/162,Hand Trimmer [Item] [U - Uncommon] (Non-Foil),0.29,0.5
150/162,Hand Trimmer [Item] [U - Uncommon] (Reverse Holo),0.49,1.0
151/162,Heavy Baton [Pokemon Tool] [U - Uncommon] (Non-Foil),0.49,0.7
151/162,Heavy Baton [Pokemon Tool] [U - Uncommon] (Reverse Holo),0.79,1.1
152/162,Hero's Cape [Pokemon Tool] [AS - ACE SPEC] (Foil),9.99,13.6
153/162,Master Ball [Item] [AS - ACE SPEC] (Foil),2.49,3.4
154/162,Maximum Belt [Pokemon Tool] [AS - ACE SPEC] (Foil),6.99,9.5
155/162,Morty's Conviction [Supporter] [U - Uncommon] (Non-Foil),0.25,0.5
155/162,Morty's Conviction [Supporter] [U - Uncommon] (Reverse Holo),0.59,1.0
156/162,Perilous Jungle [Stadium] [U - Uncommon] (Non-Foil),0.25,0.5
156/162,Perilous Jungle [Stadium] [U - Uncommon] (Reverse Holo),0.59,1.0
157/162,Prime Catcher [Item] [AS - ACE SPEC] (Foil),29.99,40.7
158/162,Reboot Pod [Item] [AS - ACE SPEC] (Foil),1.79,2.4
159/162,Rescue Board [Pokemon Tool] [U - Uncommon] (Non-Foil),0.75,1.0
159/162,Rescue Board [Pokemon Tool] [U - Uncommon] (Reverse Holo),0.75,1.0
160/162,Salvatore [Supporter] [U - Uncommon] (Non-Foil),0.29,0.5
160/162,Salvatore [Supporter] [U - Uncommon] (Reverse Holo),0.35,1.0
161/162,Mist Energy [Special Energy] [U - Uncommon] (Non-Foil),0.49,0.7
161/162,Mist Energy [Special Energy] [U - Uncommon] (Reverse Holo),0.99,1.3
162/162,Neo Upper Energy [Special Energy] [AS - ACE SPEC] (Foil),3.99,5.4
163/162,Shiftry [Grass] [IR - Illustration Rare] (Foil),4.99,6.8
164/162,Grotle [Grass] [IR - Illustration Rare] (Foil),3.49,4.7
165/162,Deerling [Grass] [IR - Illustration Rare] (Foil),6.49,8.8
166/162,Sawsbuck [Grass] [IR - Illustration Rare] (Foil),8.99,12.2
167/162,Litten [Fire] [IR - Illustration Rare] (Foil),4.99,6.8
168/162,Snom [Water] [IR - Illustration Rare] (Foil),3.49,4.7
169/162,Charjabug [Lightning] [IR - Illustration Rare] (Foil),3.49,4.7
170/162,Bronzor [Psychic] [IR - Illustration Rare] (Foil),2.29,3.1
171/162,Reuniclus [Psychic] [IR - Illustration Rare] (Foil),4.99,6.8
172/162,Cutiefly [Psychic] [IR - Illustration Rare] (Foil),2.99,4.1
173/162,Relicanth [Fighting] [IR - Illustration Rare] (Foil),4.49,6.1
174/162,Excadrill [Fighting] [IR - Illustration Rare] (Foil),3.49,4.7
175/162,Mudsdale [Fighting] [IR - Illustration Rare] (Foil),2.99,4.1
176/162,Arbok [Darkness] [IR - Illustration Rare] (Foil),6.99,9.5
177/162,Ghastly [Darkness] [IR - Illustration Rare] (Foil),27.99,38.0
178/162,Metagross [Metal] [IR - Illustration Rare] (Foil),10.99,14.9
179/162,Meltan [Metal] [IR - Illustration Rare] (Foil),2.99,4.1
180/162,Lickitung [Colorless] [IR - Illustration Rare] (Foil),3.49,4.7
181/162,Chatot [Colorless] [IR - Illustration Rare] (Foil),2.49,3.4
182/162,Minccino [Colorless] [IR - Illustration Rare] (Foil),4.99,6.8
183/162,Cinccino [Colorless] [IR - Illustration Rare] (Foil),9.99,13.6
184/162,Drampa [Colorless] [IR - Illustration Rare] (Foil),5.99,8.1
185/162,Torterra ex [Grass] [UR - Ultra Rare] (Foil),3.49,4.7
186/162,Iron Leaves ex [Grass] [UR - Ultra Rare] (Foil),2.99,4.1
187/162,Incineroar ex [Fire] [UR - Ultra Rare] (Foil),1.99,2.7
188/162,Gouging Fire ex [Fire] [UR - Ultra Rare] (Foil),3.79,5.1
189/162,Walking Wake ex [Water] [UR - Ultra Rare] (Foil),2.99,4.1
190/162,Wugtrio ex [Lightning] [UR - Ultra Rare] (Foil),1.49,2.0
191/162,Iron Crown ex [Psychic] [UR - Ultra Rare] (Foil),4.49,6.1
192/162,Iron Boulder ex [Fighting] [UR - Ultra Rare] (Foil),1.79,2.4
193/162,Gengar ex [Darkness] [UR - Ultra Rare] (Foil),14.99,20.3
194/162,Farigiraf ex [Darkness] [UR - Ultra Rare] (Foil),1.79,2.4
195/162,Scizor ex [Metal] [UR - Ultra Rare] (Foil),2.99,4.1
196/162,Raging Bolt ex [Dragon] [UR - Ultra Rare] (Foil),10.99,14.9
197/162,Bianca's Devotion [Supporter] [UR - Ultra Rare] (Foil),3.99,5.4
198/162,Ciphermaniac's Codebreaking [Supporter] [UR - Ultra Rare] (Foil),6.99,9.5
199/162,Eri [Supporter] [UR - Ultra Rare] (Foil),7.49,10.2
200/162,Explorer's Guidance [Supporter] [UR - Ultra Rare] (Foil),5.49,7.4
201/162,Morty's Conviction [Supporter] [UR - Ultra Rare] (Foil),3.49,4.7
202/162,Salvatore [Supporter] [UR - Ultra Rare] (Foil),2.99,4.1
203/162,Iron Leaves ex [Grass] [SIR - Special Illustration Rare] (Foil),44.99,61.0
204/162,Gouging Fire ex [Fire] [SIR - Special Illustration Rare] (Foil),41.99,57.0
205/162,Walking Wake ex [Water] [SIR - Special Illustration Rare] (Foil),47.99,65.1
206/162,Iron Crown ex [Psychic] [SIR - Special Illustration Rare] (Foil),81.99,111.2
207/162,Iron Boulder ex [Fighting] [SIR - Special Illustration Rare] (Foil),24.99,33.9
208/162,Raging Bolt ex [Dragon] [SIR - Special Illustration Rare] (Foil),89.99,122.1
209/162,Bianca's Devotion [Supporter] [SIR - Special Illustration Rare] (Foil),31.99,43.4
210/162,Eri [Supporter] [SIR - Special Illustration Rare] (Foil),31.99,43.4
211/162,Morty's Conviction [Supporter] [SIR - Special Illustration Rare] (Foil),49.99,67.8
212/162,Salvatore [Supporter] [SIR - Special Illustration Rare] (Foil),15.99,21.7
213/162,Iron Leaves ex [Grass] [HR - Hyper Rare] (Foil),12.99,17.6
214/162,Gouging Fire ex [Fire] [HR - Hyper Rare] (Foil),14.99,20.3
215/162,Walking Wake ex [Water] [HR - Hyper Rare] (Foil),13.99,19.0
216/162,Iron Crown ex [Psychic] [HR - Hyper Rare] (Foil),14.99,20.3
217/162,Iron Boulder ex [Fighting] [HR - Hyper Rare] (Foil),11.99,16.3
218/162,Raging Bolt ex [Dragon] [HR - Hyper Rare] (Foil),17.99,24.4
