ID,Name,Price in JPY,Price in SGD
001/165,[JAP] SV2a 151: 001/165 Bulbasaur C (Non-Foil),30,0.3
001/165,[JAP] SV2a 151: 001/165 Bulbasaur C (Reverse Holo),220,1.9
001/165,[JAP] SV2a 151: 001/165 Bulbasaur C (Master Ball),3980,34.9
002/165,[JAP] SV2a 151: 002/165 Ivysaur U (Non-Foil),50,0.4
002/165,[JAP] SV2a 151: 002/165 Ivysaur U (Reverse Holo),180,1.6
002/165,[JAP] SV2a 151: 002/165 Ivysaur U (Master Ball),2480,21.7
003/165,[JAP] SV2a 151: 003/165 Venusaur RR (Foil),180,21.7
004/165,[JAP] SV2a 151: 004/165 Charmander C (Non-Foil),80,0.7
004/165,[JAP] SV2a 151: 004/165 Charmander C (Reverse Holo),320,2.8
004/165,[JAP] SV2a 151: 004/165 Charmander C (Master Ball),4980,43.7
005/165,[JAP] SV2a 151: 005/165 Charmeleon U (Non-Foil),80,0.7
005/165,[JAP] SV2a 151: 005/165 Charmeleon U (Reverse Holo),180,1.6
005/165,[JAP] SV2a 151: 005/165 Charmeleon U (Master Ball),1980,17.4
006/165,[JAP] SV2a 151: 006/165 Charizard EX RR (Foil),220,17.4
007/165,[JAP] SV2a 151: 007/165 Squirtle C (Non-Foil),30,0.3
007/165,[JAP] SV2a 151: 007/165 Squirtle C (Reverse Holo),220,1.9
007/165,[JAP] SV2a 151: 007/165 Squirtle C (Master Ball),3980,34.9
008/165,[JAP] SV2a 151: 008/165 Wartotle U (Non-Foil),50,0.4
008/165,[JAP] SV2a 151: 008/165 Wartotle U (Reverse Holo),180,1.6
008/165,[JAP] SV2a 151: 008/165 Wartotle U (Master Ball),1780,15.6
009/165,[JAP] SV2a 151: 009/165 Blastoise EX RR (Foil),180,15.6
010/165,[JAP] SV2a 151: 010/165 Caterpie C (Non-Foil),30,0.3
010/165,[JAP] SV2a 151: 010/165 Caterpie C (Reverse Holo),120,1.1
010/165,[JAP] SV2a 151: 010/165 Caterpie C (Master Ball),1480,13.0
011/165,[JAP] SV2a 151: 011/165 Metapod C (Non-Foil),30,0.3
011/165,[JAP] SV2a 151: 011/165 Metapod C (Reverse Holo),80,0.7
011/165,[JAP] SV2a 151: 011/165 Metapod C (Master Ball),1280,11.2
012/165,[JAP] SV2a 151: 012/165 Butterfree U (Non-Foil),50,0.4
012/165,[JAP] SV2a 151: 012/165 Butterfree U (Reverse Holo),80,0.7
012/165,[JAP] SV2a 151: 012/165 Butterfree U (Master Ball),1780,15.6
013/165,[JAP] SV2a 151: 013/165 Weedle C (Non-Foil),30,0.3
013/165,[JAP] SV2a 151: 013/165 Weedle C (Reverse Holo),80,0.7
013/165,[JAP] SV2a 151: 013/165 Weedle C (Master Ball),1480,13.0
014/165,[JAP] SV2a 151: 014/165 Kakuna C (Non-Foil),30,0.3
014/165,[JAP] SV2a 151: 014/165 Kakuna C (Reverse Holo),80,0.7
014/165,[JAP] SV2a 151: 014/165 Kakuna C (Master Ball),1280,11.2
015/165,[JAP] SV2a 151: 015/165 Beedrill R (Foil),80,0.7
015/165,[JAP] SV2a 151: 015/165 Beedrill R (Reverse Holo),120,1.1
015/165,[JAP] SV2a 151: 015/165 Beedrill R (Master Ball),1480,13.0
016/165,[JAP] SV2a 151: 016/165 Pidgey C (Non-Foil),50,0.4
016/165,[JAP] SV2a 151: 016/165 Pidgey C (Reverse Holo),120,1.1
016/165,[JAP] SV2a 151: 016/165 Pidgey C (Master Ball),1280,11.2
017/165,[JAP] SV2a 151: 017/165 Pigeotto C (Non-Foil),30,0.3
017/165,[JAP] SV2a 151: 017/165 Pigeotto C (Reverse Holo),80,0.7
017/165,[JAP] SV2a 151: 017/165 Pigeotto C (Master Ball),1280,11.2
018/165,[JAP] SV2a 151: 018/165 Pigeot U (Non-Foil),50,0.4
018/165,[JAP] SV2a 151: 018/165 Pigeot U (Reverse Holo),80,0.7
018/165,[JAP] SV2a 151: 018/165 Pigeot U (Master Ball),1480,13.0
019/165,[JAP] SV2a 151: 019/165 Rattata C (Non-Foil),30,0.3
019/165,[JAP] SV2a 151: 019/165 Rattata C (Reverse Holo),80,0.7
019/165,[JAP] SV2a 151: 019/165 Rattata C (Master Ball),1280,11.2
020/165,[JAP] SV2a 151: 020/165 Raticate U (Non-Foil),50,0.4
020/165,[JAP] SV2a 151: 020/165 Raticate U (Reverse Holo),80,0.7
020/165,[JAP] SV2a 151: 020/165 Raticate U (Master Ball),1280,11.2
021/165,[JAP] SV2a 151: 021/165 Spearow C (Non-Foil),30,0.3
021/165,[JAP] SV2a 151: 021/165 Spearow C (Reverse Holo),80,0.7
021/165,[JAP] SV2a 151: 021/165 Spearow C (Master Ball),1280,11.2
022/165,[JAP] SV2a 151: 022/165 Fearow U (Non-Foil),50,0.4
022/165,[JAP] SV2a 151: 022/165 Fearow U (Reverse Holo),80,0.7
022/165,[JAP] SV2a 151: 022/165 Fearow U (Master Ball),1280,11.2
023/165,[JAP] SV2a 151: 023/165 Ekans C (Non-Foil),30,0.3
023/165,[JAP] SV2a 151: 023/165 Ekans C (Reverse Holo),80,0.7
023/165,[JAP] SV2a 151: 023/165 Ekans C (Master Ball),1280,11.2
024/165,[JAP] SV2a 151: 024/165 Arbok EX RR (Foil),120,11.2
025/165,[JAP] SV2a 151: 025/165 Pikachu C (Non-Foil),50,0.4
025/165,[JAP] SV2a 151: 025/165 Pikachu C (Reverse Holo),220,1.9
025/165,[JAP] SV2a 151: 025/165 Pikachu C (Master Ball),34800,305.2
026/165,[JAP] SV2a 151: 026/165 Raichu R (Foil),80,0.7
026/165,[JAP] SV2a 151: 026/165 Raichu R (Reverse Holo),180,1.6
026/165,[JAP] SV2a 151: 026/165 Raichu R (Master Ball),2480,21.7
027/165,[JAP] SV2a 151: 027/165 Sandshrew C (Non-Foil),30,0.3
027/165,[JAP] SV2a 151: 027/165 Sandshrew C (Reverse Holo),80,0.7
027/165,[JAP] SV2a 151: 027/165 Sandshrew C (Master Ball),1480,13.0
028/165,[JAP] SV2a 151: 028/165 Sandslash U (Non-Foil),50,0.4
028/165,[JAP] SV2a 151: 028/165 Sandslash U (Reverse Holo),80,0.7
028/165,[JAP] SV2a 151: 028/165 Sandslash U (Master Ball),1280,11.2
029/165,[JAP] SV2a 151: 029/165 Nidoran ♀ C (Non-Foil),30,0.3
029/165,[JAP] SV2a 151: 029/165 Nidoran ♀ C (Reverse Holo),80,0.7
029/165,[JAP] SV2a 151: 029/165 Nidoran ♀ C (Master Ball),1480,13.0
030/165,[JAP] SV2a 151: 030/165 Nidorina U (Non-Foil),50,0.4
030/165,[JAP] SV2a 151: 030/165 Nidorina U (Reverse Holo),80,0.7
030/165,[JAP] SV2a 151: 030/165 Nidorina U (Master Ball),1280,11.2
031/165,[JAP] SV2a 151: 031/165 Nidoqueen U (Non-Foil),50,0.4
031/165,[JAP] SV2a 151: 031/165 Nidoqueen U (Reverse Holo),80,0.7
031/165,[JAP] SV2a 151: 031/165 Nidoqueen U (Master Ball),1280,11.2
032/165,[JAP] SV2a 151: 032/165 Nidoran ♂ C (Non-Foil),30,0.3
032/165,[JAP] SV2a 151: 032/165 Nidoran ♂ C (Reverse Holo),80,0.7
032/165,[JAP] SV2a 151: 032/165 Nidoran ♂ C (Master Ball),1280,11.2
033/165,[JAP] SV2a 151: 033/165 Nidorino U (Non-Foil),50,0.4
033/165,[JAP] SV2a 151: 033/165 Nidorino U (Reverse Holo),80,0.7
033/165,[JAP] SV2a 151: 033/165 Nidorino U (Master Ball),1480,13.0
034/165,[JAP] SV2a 151: 034/165 Nidoking R (Foil),80,0.7
034/165,[JAP] SV2a 151: 034/165 Nidoking R (Reverse Holo),120,1.1
034/165,[JAP] SV2a 151: 034/165 Nidoking R (Master Ball),1780,15.6
035/165,[JAP] SV2a 151: 035/165 Clefairy C (Non-Foil),30,0.3
035/165,[JAP] SV2a 151: 035/165 Clefairy C (Reverse Holo),80,0.7
035/165,[JAP] SV2a 151: 035/165 Clefairy C (Master Ball),1780,15.6
036/165,[JAP] SV2a 151: 036/165 Clefable U (Non-Foil),50,0.4
036/165,[JAP] SV2a 151: 036/165 Clefable U (Reverse Holo),80,0.7
036/165,[JAP] SV2a 151: 036/165 Clefable U (Master Ball),1480,13.0
037/165,[JAP] SV2a 151: 037/165 Vulpix C (Non-Foil),30,0.3
037/165,[JAP] SV2a 151: 037/165 Vulpix C (Reverse Holo),80,0.7
037/165,[JAP] SV2a 151: 037/165 Vulpix C (Master Ball),1280,11.2
038/165,[JAP] SV2a 151: 038/165 Ninetails EX RR (Foil),120,11.2
039/165,[JAP] SV2a 151: 039/165 Jigglypuff C (Non-Foil),30,0.3
039/165,[JAP] SV2a 151: 039/165 Jigglypuff C (Reverse Holo),80,0.7
039/165,[JAP] SV2a 151: 039/165 Jigglypuff C (Master Ball),1480,13.0
040/165,[JAP] SV2a 151: 040/165 Wigglytuff EX RR (Foil),120,13.0
041/165,[JAP] SV2a 151: 041/165 Zubat C (Non-Foil),30,0.3
041/165,[JAP] SV2a 151: 041/165 Zubat C (Reverse Holo),80,0.7
041/165,[JAP] SV2a 151: 041/165 Zubat C (Master Ball),1280,11.2
042/165,[JAP] SV2a 151: 042/165 Golbat U (Non-Foil),50,0.4
042/165,[JAP] SV2a 151: 042/165 Golbat U (Reverse Holo),80,0.7
042/165,[JAP] SV2a 151: 042/165 Golbat U (Master Ball),1280,11.2
043/165,[JAP] SV2a 151: 043/165 Oddish C (Non-Foil),30,0.3
043/165,[JAP] SV2a 151: 043/165 Oddish C (Reverse Holo),80,0.7
043/165,[JAP] SV2a 151: 043/165 Oddish C (Master Ball),1280,11.2
044/165,[JAP] SV2a 151: 044/165 Gloom U (Non-Foil),50,0.4
044/165,[JAP] SV2a 151: 044/165 Gloom U (Reverse Holo),80,0.7
044/165,[JAP] SV2a 151: 044/165 Gloom U (Master Ball),1280,11.2
045/165,[JAP] SV2a 151: 045/165 Vileplume R (Foil),80,0.7
045/165,[JAP] SV2a 151: 045/165 Vileplume R (Reverse Holo),120,1.1
045/165,[JAP] SV2a 151: 045/165 Vileplume R (Master Ball),1480,13.0
046/165,[JAP] SV2a 151: 046/165 Paras C (Non-Foil),30,0.3
046/165,[JAP] SV2a 151: 046/165 Paras C (Reverse Holo),80,0.7
046/165,[JAP] SV2a 151: 046/165 Paras C (Master Ball),1280,11.2
047/165,[JAP] SV2a 151: 047/165 Parasect U (Non-Foil),50,0.4
047/165,[JAP] SV2a 151: 047/165 Parasect U (Reverse Holo),80,0.7
047/165,[JAP] SV2a 151: 047/165 Parasect U (Master Ball),1280,11.2
048/165,[JAP] SV2a 151: 048/165 Venonat C (Non-Foil),30,0.3
048/165,[JAP] SV2a 151: 048/165 Venonat C (Reverse Holo),180,1.6
048/165,[JAP] SV2a 151: 048/165 Venonat C (Master Ball),1480,13.0
049/165,[JAP] SV2a 151: 049/165 Venomoth U (Non-Foil),50,0.4
049/165,[JAP] SV2a 151: 049/165 Venomoth U (Reverse Holo),180,1.6
049/165,[JAP] SV2a 151: 049/165 Venomoth U (Master Ball),1480,13.0
050/165,[JAP] SV2a 151: 050/165 Diglett C (Non-Foil),30,0.3
050/165,[JAP] SV2a 151: 050/165 Diglett C (Reverse Holo),80,0.7
050/165,[JAP] SV2a 151: 050/165 Diglett C (Master Ball),1280,11.2
051/165,[JAP] SV2a 151: 051/165 Dugtrio U (Non-Foil),50,0.4
051/165,[JAP] SV2a 151: 051/165 Dugtrio U (Reverse Holo),80,0.7
051/165,[JAP] SV2a 151: 051/165 Dugtrio U (Master Ball),1280,11.2
052/165,[JAP] SV2a 151: 052/165 Meowth C (Non-Foil),30,0.3
052/165,[JAP] SV2a 151: 052/165 Meowth C (Reverse Holo),80,0.7
052/165,[JAP] SV2a 151: 052/165 Meowth C (Master Ball),1280,11.2
053/165,[JAP] SV2a 151: 053/165 Persian U (Non-Foil),50,0.4
053/165,[JAP] SV2a 151: 053/165 Persian U (Reverse Holo),80,0.7
053/165,[JAP] SV2a 151: 053/165 Persian U (Master Ball),1280,11.2
054/165,[JAP] SV2a 151: 054/165 Psyduck C (Non-Foil),30,0.3
054/165,[JAP] SV2a 151: 054/165 Psyduck C (Reverse Holo),220,1.9
054/165,[JAP] SV2a 151: 054/165 Psyduck C (Master Ball),4980,43.7
055/165,[JAP] SV2a 151: 055/165 Golduck U (Non-Foil),50,0.4
055/165,[JAP] SV2a 151: 055/165 Golduck U (Reverse Holo),80,0.7
055/165,[JAP] SV2a 151: 055/165 Golduck U (Master Ball),1780,15.6
056/165,[JAP] SV2a 151: 056/165 Mankey C (Non-Foil),30,0.3
056/165,[JAP] SV2a 151: 056/165 Mankey C (Reverse Holo),80,0.7
056/165,[JAP] SV2a 151: 056/165 Mankey C (Master Ball),1280,11.2
057/165,[JAP] SV2a 151: 057/165 Primeape U (Non-Foil),50,0.4
057/165,[JAP] SV2a 151: 057/165 Primeape U (Reverse Holo),80,0.7
057/165,[JAP] SV2a 151: 057/165 Primeape U (Master Ball),1280,11.2
058/165,[JAP] SV2a 151: 058/165 Growlithe C (Non-Foil),30,0.3
058/165,[JAP] SV2a 151: 058/165 Growlithe C (Reverse Holo),80,0.7
058/165,[JAP] SV2a 151: 058/165 Growlithe C (Master Ball),1980,17.4
059/165,[JAP] SV2a 151: 059/165 Arcanine U (Non-Foil),50,0.4
059/165,[JAP] SV2a 151: 059/165 Arcanine U (Reverse Holo),120,1.1
059/165,[JAP] SV2a 151: 059/165 Arcanine U (Master Ball),3480,30.5
060/165,[JAP] SV2a 151: 060/165 Poliwag C (Non-Foil),30,0.3
060/165,[JAP] SV2a 151: 060/165 Poliwag C (Reverse Holo),80,0.7
060/165,[JAP] SV2a 151: 060/165 Poliwag C (Master Ball),1280,11.2
061/165,[JAP] SV2a 151: 061/165 Poliwhirl C (Non-Foil),30,0.3
061/165,[JAP] SV2a 151: 061/165 Poliwhirl C (Reverse Holo),80,0.7
061/165,[JAP] SV2a 151: 061/165 Poliwhirl C (Master Ball),1280,11.2
062/165,[JAP] SV2a 151: 062/165 Poliwrath U (Non-Foil),50,0.4
062/165,[JAP] SV2a 151: 062/165 Poliwrath U (Reverse Holo),80,0.7
062/165,[JAP] SV2a 151: 062/165 Poliwrath U (Master Ball),1280,11.2
063/165,[JAP] SV2a 151: 063/165 Abra C (Non-Foil),30,0.3
063/165,[JAP] SV2a 151: 063/165 Abra C (Reverse Holo),80,0.7
063/165,[JAP] SV2a 151: 063/165 Abra C (Master Ball),1280,11.2
064/165,[JAP] SV2a 151: 064/165 Kadabra U (Non-Foil),50,0.4
064/165,[JAP] SV2a 151: 064/165 Kadabra U (Reverse Holo),80,0.7
064/165,[JAP] SV2a 151: 064/165 Kadabra U (Master Ball),1280,11.2
065/165,[JAP] SV2a 151: 065/165 Alakazam RR (Foil),80,11.2
066/165,[JAP] SV2a 151: 066/165 Machop C (Non-Foil),30,0.3
066/165,[JAP] SV2a 151: 066/165 Machop C (Reverse Holo),80,0.7
066/165,[JAP] SV2a 151: 066/165 Machop C (Master Ball),1280,11.2
067/165,[JAP] SV2a 151: 067/165 Machoke U (Non-Foil),50,0.4
067/165,[JAP] SV2a 151: 067/165 Machoke U (Reverse Holo),80,0.7
067/165,[JAP] SV2a 151: 067/165 Machoke U (Master Ball),1280,11.2
068/165,[JAP] SV2a 151: 068/165 Machamp R (Foil),80,0.7
068/165,[JAP] SV2a 151: 068/165 Machamp R (Reverse Holo),120,1.1
068/165,[JAP] SV2a 151: 068/165 Machamp R (Master Ball),1780,15.6
069/165,[JAP] SV2a 151: 069/165 Bellsprout C (Non-Foil),30,0.3
069/165,[JAP] SV2a 151: 069/165 Bellsprout C (Reverse Holo),80,0.7
069/165,[JAP] SV2a 151: 069/165 Bellsprout C (Master Ball),1280,11.2
070/165,[JAP] SV2a 151: 070/165 Weepinbell C (Non-Foil),30,0.3
070/165,[JAP] SV2a 151: 070/165 Weepinbell C (Reverse Holo),80,0.7
070/165,[JAP] SV2a 151: 070/165 Weepinbell C (Master Ball),1280,11.2
071/165,[JAP] SV2a 151: 071/165 Victreebel U (Non-Foil),50,0.4
071/165,[JAP] SV2a 151: 071/165 Victreebel U (Reverse Holo),80,0.7
071/165,[JAP] SV2a 151: 071/165 Victreebel U (Master Ball),1280,11.2
072/165,[JAP] SV2a 151: 072/165 Tentacool C (Non-Foil),30,0.3
072/165,[JAP] SV2a 151: 072/165 Tentacool C (Reverse Holo),80,0.7
072/165,[JAP] SV2a 151: 072/165 Tentacool C (Master Ball),1280,11.2
073/165,[JAP] SV2a 151: 073/165 Tentacruel U (Non-Foil),50,0.4
073/165,[JAP] SV2a 151: 073/165 Tentacruel U (Reverse Holo),80,0.7
073/165,[JAP] SV2a 151: 073/165 Tentacruel U (Master Ball),1280,11.2
074/165,[JAP] SV2a 151: 074/165 Geodude C (Non-Foil),30,0.3
074/165,[JAP] SV2a 151: 074/165 Geodude C (Reverse Holo),80,0.7
074/165,[JAP] SV2a 151: 074/165 Geodude C (Master Ball),1280,11.2
075/165,[JAP] SV2a 151: 075/165 Graveller U (Non-Foil),50,0.4
075/165,[JAP] SV2a 151: 075/165 Graveller U (Reverse Holo),80,0.7
075/165,[JAP] SV2a 151: 075/165 Graveller U (Master Ball),1280,11.2
076/165,[JAP] SV2a 151: 076/165 Golem EX RR (Foil),120,11.2
077/165,[JAP] SV2a 151: 077/165 Ponyta C (Non-Foil),30,0.3
077/165,[JAP] SV2a 151: 077/165 Ponyta C (Reverse Holo),80,0.7
077/165,[JAP] SV2a 151: 077/165 Ponyta C (Master Ball),1280,11.2
078/165,[JAP] SV2a 151: 078/165 Rapidash U (Non-Foil),50,0.4
078/165,[JAP] SV2a 151: 078/165 Rapidash U (Reverse Holo),120,1.1
078/165,[JAP] SV2a 151: 078/165 Rapidash U (Master Ball),1480,13.0
079/165,[JAP] SV2a 151: 079/165 Slowpoke C (Non-Foil),30,0.3
079/165,[JAP] SV2a 151: 079/165 Slowpoke C (Reverse Holo),120,1.1
079/165,[JAP] SV2a 151: 079/165 Slowpoke C (Master Ball),2980,26.1
080/165,[JAP] SV2a 151: 080/165 Slowbro U (Non-Foil),50,0.4
080/165,[JAP] SV2a 151: 080/165 Slowbro U (Reverse Holo),120,1.1
080/165,[JAP] SV2a 151: 080/165 Slowbro U (Master Ball),1780,15.6
081/165,[JAP] SV2a 151: 081/165 Magnemite C (Non-Foil),30,0.3
081/165,[JAP] SV2a 151: 081/165 Magnemite C (Reverse Holo),120,1.1
081/165,[JAP] SV2a 151: 081/165 Magnemite C (Master Ball),1280,11.2
082/165,[JAP] SV2a 151: 082/165 Magneton U (Non-Foil),50,0.4
082/165,[JAP] SV2a 151: 082/165 Magneton U (Reverse Holo),120,1.1
082/165,[JAP] SV2a 151: 082/165 Magneton U (Master Ball),1280,11.2
083/165,[JAP] SV2a 151: 083/165 Farfetch'd C (Non-Foil),30,0.3
083/165,[JAP] SV2a 151: 083/165 Farfetch'd C (Reverse Holo),80,0.7
083/165,[JAP] SV2a 151: 083/165 Farfetch'd C (Master Ball),1280,11.2
084/165,[JAP] SV2a 151: 084/165 Doduo C (Non-Foil),30,0.3
084/165,[JAP] SV2a 151: 084/165 Doduo C (Reverse Holo),80,0.7
084/165,[JAP] SV2a 151: 084/165 Doduo C (Master Ball),1280,11.2
085/165,[JAP] SV2a 151: 085/165 Dodrio R (Foil),80,0.7
085/165,[JAP] SV2a 151: 085/165 Dodrio R (Reverse Holo),120,1.1
085/165,[JAP] SV2a 151: 085/165 Dodrio R (Master Ball),1280,11.2
086/165,[JAP] SV2a 151: 086/165 Seel C (Non-Foil),30,0.3
086/165,[JAP] SV2a 151: 086/165 Seel C (Reverse Holo),120,1.1
086/165,[JAP] SV2a 151: 086/165 Seel C (Master Ball),1280,11.2
087/165,[JAP] SV2a 151: 087/165 Dewgong U (Non-Foil),50,0.4
087/165,[JAP] SV2a 151: 087/165 Dewgong U (Reverse Holo),80,0.7
087/165,[JAP] SV2a 151: 087/165 Dewgong U (Master Ball),1280,11.2
088/165,[JAP] SV2a 151: 088/165 Grimer C (Non-Foil),30,0.3
088/165,[JAP] SV2a 151: 088/165 Grimer C (Reverse Holo),80,0.7
088/165,[JAP] SV2a 151: 088/165 Grimer C (Master Ball),1280,11.2
089/165,[JAP] SV2a 151: 089/165 Muk U (Non-Foil),50,0.4
089/165,[JAP] SV2a 151: 089/165 Muk U (Reverse Holo),80,0.7
089/165,[JAP] SV2a 151: 089/165 Muk U (Master Ball),1480,13.0
090/165,[JAP] SV2a 151: 090/165 Shellder C (Non-Foil),30,0.3
090/165,[JAP] SV2a 151: 090/165 Shellder C (Reverse Holo),80,0.7
090/165,[JAP] SV2a 151: 090/165 Shellder C (Master Ball),1280,11.2
091/165,[JAP] SV2a 151: 091/165 Cloyster U (Non-Foil),50,0.4
091/165,[JAP] SV2a 151: 091/165 Cloyster U (Reverse Holo),120,1.1
091/165,[JAP] SV2a 151: 091/165 Cloyster U (Master Ball),1280,11.2
092/165,[JAP] SV2a 151: 092/165 Ghastly C (Non-Foil),30,0.3
092/165,[JAP] SV2a 151: 092/165 Ghastly C (Reverse Holo),180,1.6
092/165,[JAP] SV2a 151: 092/165 Ghastly C (Master Ball),3980,34.9
093/165,[JAP] SV2a 151: 093/165 Haunter U (Non-Foil),50,0.4
093/165,[JAP] SV2a 151: 093/165 Haunter U (Reverse Holo),180,1.6
093/165,[JAP] SV2a 151: 093/165 Haunter U (Master Ball),3980,34.9
094/165,[JAP] SV2a 151: 094/165 Gengar R (Foil),120,1.1
094/165,[JAP] SV2a 151: 094/165 Gengar R (Reverse Holo),320,2.8
094/165,[JAP] SV2a 151: 094/165 Gengar R (Master Ball),29800,261.3
095/165,[JAP] SV2a 151: 095/165 Onyx U (Non-Foil),50,0.4
095/165,[JAP] SV2a 151: 095/165 Onyx U (Reverse Holo),80,0.7
095/165,[JAP] SV2a 151: 095/165 Onyx U (Master Ball),1280,11.2
096/165,[JAP] SV2a 151: 096/165 Drowzee C (Non-Foil),30,0.3
096/165,[JAP] SV2a 151: 096/165 Drowzee C (Reverse Holo),80,0.7
096/165,[JAP] SV2a 151: 096/165 Drowzee C (Master Ball),1480,13.0
097/165,[JAP] SV2a 151: 097/165 Hypno U (Non-Foil),50,0.4
097/165,[JAP] SV2a 151: 097/165 Hypno U (Reverse Holo),80,0.7
097/165,[JAP] SV2a 151: 097/165 Hypno U (Master Ball),1280,11.2
098/165,[JAP] SV2a 151: 098/165 Krabby C (Non-Foil),30,0.3
098/165,[JAP] SV2a 151: 098/165 Krabby C (Reverse Holo),80,0.7
098/165,[JAP] SV2a 151: 098/165 Krabby C (Master Ball),1280,11.2
099/165,[JAP] SV2a 151: 099/165 Kingler U (Non-Foil),50,0.4
099/165,[JAP] SV2a 151: 099/165 Kingler U (Reverse Holo),80,0.7
099/165,[JAP] SV2a 151: 099/165 Kingler U (Master Ball),1280,11.2
100/165,[JAP] SV2a 151: 100/165 Voltorb C (Non-Foil),30,0.3
100/165,[JAP] SV2a 151: 100/165 Voltorb C (Reverse Holo),80,0.7
100/165,[JAP] SV2a 151: 100/165 Voltorb C (Master Ball),1280,11.2
101/165,[JAP] SV2a 151: 101/165 Electrode R (Foil),80,0.7
101/165,[JAP] SV2a 151: 101/165 Electrode R (Reverse Holo),120,1.1
101/165,[JAP] SV2a 151: 101/165 Electrode R (Master Ball),1280,11.2
102/165,[JAP] SV2a 151: 102/165 Exeggcute C (Non-Foil),30,0.3
102/165,[JAP] SV2a 151: 102/165 Exeggcute C (Reverse Holo),80,0.7
102/165,[JAP] SV2a 151: 102/165 Exeggcute C (Master Ball),1280,11.2
103/165,[JAP] SV2a 151: 103/165 Exeggutor U (Non-Foil),50,0.4
103/165,[JAP] SV2a 151: 103/165 Exeggutor U (Reverse Holo),80,0.7
103/165,[JAP] SV2a 151: 103/165 Exeggutor U (Master Ball),1480,13.0
104/165,[JAP] SV2a 151: 104/165 Cubone C (Non-Foil),30,0.3
104/165,[JAP] SV2a 151: 104/165 Cubone C (Reverse Holo),80,0.7
104/165,[JAP] SV2a 151: 104/165 Cubone C (Master Ball),1780,15.6
105/165,[JAP] SV2a 151: 105/165 Marowak R (Foil),80,0.7
105/165,[JAP] SV2a 151: 105/165 Marowak R (Reverse Holo),120,1.1
105/165,[JAP] SV2a 151: 105/165 Marowak R (Master Ball),1480,13.0
106/165,[JAP] SV2a 151: 106/165 Hitmonlee U (Non-Foil),50,0.4
106/165,[JAP] SV2a 151: 106/165 Hitmonlee U (Reverse Holo),80,0.7
106/165,[JAP] SV2a 151: 106/165 Hitmonlee U (Master Ball),1280,11.2
107/165,[JAP] SV2a 151: 107/165 Hitmonchan U (Non-Foil),50,0.4
107/165,[JAP] SV2a 151: 107/165 Hitmonchan U (Reverse Holo),80,0.7
107/165,[JAP] SV2a 151: 107/165 Hitmonchan U (Master Ball),1480,13.0
108/165,[JAP] SV2a 151: 108/165 Lickitung C (Non-Foil),30,0.3
108/165,[JAP] SV2a 151: 108/165 Lickitung C (Reverse Holo),80,0.7
108/165,[JAP] SV2a 151: 108/165 Lickitung C (Master Ball),1280,11.2
109/165,[JAP] SV2a 151: 109/165 Koffing C (Non-Foil),30,0.3
109/165,[JAP] SV2a 151: 109/165 Koffing C (Reverse Holo),80,0.7
109/165,[JAP] SV2a 151: 109/165 Koffing C (Master Ball),1280,11.2
110/165,[JAP] SV2a 151: 110/165 Weezing R (Foil),80,0.7
110/165,[JAP] SV2a 151: 110/165 Weezing R (Reverse Holo),120,1.1
110/165,[JAP] SV2a 151: 110/165 Weezing R (Master Ball),1480,13.0
111/165,[JAP] SV2a 151: 111/165 Rhyhorn C (Non-Foil),30,0.3
111/165,[JAP] SV2a 151: 111/165 Rhyhorn C (Reverse Holo),80,0.7
111/165,[JAP] SV2a 151: 111/165 Rhyhorn C (Master Ball),1280,11.2
112/165,[JAP] SV2a 151: 112/165 Rhydon U (Non-Foil),50,0.4
112/165,[JAP] SV2a 151: 112/165 Rhydon U (Reverse Holo),80,0.7
112/165,[JAP] SV2a 151: 112/165 Rhydon U (Master Ball),1280,11.2
113/165,[JAP] SV2a 151: 113/165 Chansey R (Foil),120,1.1
113/165,[JAP] SV2a 151: 113/165 Chansey R (Reverse Holo),220,1.9
113/165,[JAP] SV2a 151: 113/165 Chansey R (Master Ball),1480,13.0
114/165,[JAP] SV2a 151: 114/165 Tangela C (Non-Foil),30,0.3
114/165,[JAP] SV2a 151: 114/165 Tangela C (Reverse Holo),80,0.7
114/165,[JAP] SV2a 151: 114/165 Tangela C (Master Ball),1280,11.2
115/165,[JAP] SV2a 151: 115/165 Kangaskhan EX RR (Foil),120,11.2
116/165,[JAP] SV2a 151: 116/165 Horsea C (Non-Foil),30,0.3
116/165,[JAP] SV2a 151: 116/165 Horsea C (Reverse Holo),80,0.7
116/165,[JAP] SV2a 151: 116/165 Horsea C (Master Ball),1480,13.0
117/165,[JAP] SV2a 151: 117/165 Seadra U (Non-Foil),50,0.4
117/165,[JAP] SV2a 151: 117/165 Seadra U (Reverse Holo),80,0.7
117/165,[JAP] SV2a 151: 117/165 Seadra U (Master Ball),1280,11.2
118/165,[JAP] SV2a 151: 118/165 Goldeen C (Non-Foil),30,0.3
118/165,[JAP] SV2a 151: 118/165 Goldeen C (Reverse Holo),80,0.7
118/165,[JAP] SV2a 151: 118/165 Goldeen C (Master Ball),1480,13.0
119/165,[JAP] SV2a 151: 119/165 Seaking U (Non-Foil),50,0.4
119/165,[JAP] SV2a 151: 119/165 Seaking U (Reverse Holo),80,0.7
119/165,[JAP] SV2a 151: 119/165 Seaking U (Master Ball),1280,11.2
120/165,[JAP] SV2a 151: 120/165 Staryu C (Non-Foil),30,0.3
120/165,[JAP] SV2a 151: 120/165 Staryu C (Reverse Holo),80,0.7
120/165,[JAP] SV2a 151: 120/165 Staryu C (Master Ball),1280,11.2
121/165,[JAP] SV2a 151: 121/165 Starmie R (Foil),80,0.7
121/165,[JAP] SV2a 151: 121/165 Starmie R (Reverse Holo),120,1.1
121/165,[JAP] SV2a 151: 121/165 Starmie R (Master Ball),1280,11.2
122/165,[JAP] SV2a 151: 122/165 Mr Mime R (Foil),80,0.7
122/165,[JAP] SV2a 151: 122/165 Mr Mime R (Reverse Holo),120,1.1
122/165,[JAP] SV2a 151: 122/165 Mr Mime R (Master Ball),1480,13.0
123/165,[JAP] SV2a 151: 123/165 Scyther U (Non-Foil),120,1.1
123/165,[JAP] SV2a 151: 123/165 Scyther U (Reverse Holo),180,1.6
123/165,[JAP] SV2a 151: 123/165 Scyther U (Master Ball),1780,15.6
124/165,[JAP] SV2a 151: 124/165 Jinx EX RR (Foil),120,15.6
125/165,[JAP] SV2a 151: 125/165 Electabuzz C (Non-Foil),30,0.3
125/165,[JAP] SV2a 151: 125/165 Electabuzz C (Reverse Holo),80,0.7
125/165,[JAP] SV2a 151: 125/165 Electabuzz C (Master Ball),1480,13.0
126/165,[JAP] SV2a 151: 126/165 Magmar C (Non-Foil),30,0.3
126/165,[JAP] SV2a 151: 126/165 Magmar C (Reverse Holo),80,0.7
126/165,[JAP] SV2a 151: 126/165 Magmar C (Master Ball),1480,13.0
127/165,[JAP] SV2a 151: 127/165 Pinsir U (Non-Foil),50,0.4
127/165,[JAP] SV2a 151: 127/165 Pinsir U (Reverse Holo),120,1.1
127/165,[JAP] SV2a 151: 127/165 Pinsir U (Master Ball),1480,13.0
128/165,[JAP] SV2a 151: 128/165 Tauros U (Non-Foil),50,0.4
128/165,[JAP] SV2a 151: 128/165 Tauros U (Reverse Holo),80,0.7
128/165,[JAP] SV2a 151: 128/165 Tauros U (Master Ball),1280,11.2
129/165,[JAP] SV2a 151: 129/165 Magikarp C (Non-Foil),30,0.3
129/165,[JAP] SV2a 151: 129/165 Magikarp C (Reverse Holo),120,1.1
129/165,[JAP] SV2a 151: 129/165 Magikarp C (Master Ball),4980,43.7
130/165,[JAP] SV2a 151: 130/165 Gyrados R (Foil),80,0.7
130/165,[JAP] SV2a 151: 130/165 Gyrados R (Reverse Holo),180,1.6
130/165,[JAP] SV2a 151: 130/165 Gyrados R (Master Ball),5980,52.4
131/165,[JAP] SV2a 151: 131/165 Lapras U (Non-Foil),50,0.4
131/165,[JAP] SV2a 151: 131/165 Lapras U (Reverse Holo),120,1.1
131/165,[JAP] SV2a 151: 131/165 Lapras U (Master Ball),2980,26.1
132/165,[JAP] SV2a 151: 132/165 Ditto R (Foil),80,0.7
132/165,[JAP] SV2a 151: 132/165 Ditto R (Reverse Holo),180,1.6
132/165,[JAP] SV2a 151: 132/165 Ditto R (Master Ball),1280,11.2
133/165,[JAP] SV2a 151: 133/165 Eevee C (Non-Foil),30,0.3
133/165,[JAP] SV2a 151: 133/165 Eevee C (Reverse Holo),180,1.6
133/165,[JAP] SV2a 151: 133/165 Eevee C (Master Ball),6980,61.2
134/165,[JAP] SV2a 151: 134/165 Vaporeon R (Foil),80,0.7
134/165,[JAP] SV2a 151: 134/165 Vaporeon R (Reverse Holo),220,1.9
134/165,[JAP] SV2a 151: 134/165 Vaporeon R (Master Ball),4980,43.7
135/165,[JAP] SV2a 151: 135/165 Jolteon R (Foil),80,0.7
135/165,[JAP] SV2a 151: 135/165 Jolteon R (Reverse Holo),220,1.9
135/165,[JAP] SV2a 151: 135/165 Jolteon R (Master Ball),4980,43.7
136/165,[JAP] SV2a 151: 136/165 Flareon R (Foil),80,0.7
136/165,[JAP] SV2a 151: 136/165 Flareon R (Reverse Holo),220,1.9
136/165,[JAP] SV2a 151: 136/165 Flareon R (Master Ball),4980,43.7
137/165,[JAP] SV2a 151: 137/165 Porygon C (Non-Foil),30,0.3
137/165,[JAP] SV2a 151: 137/165 Porygon C (Reverse Holo),180,1.6
137/165,[JAP] SV2a 151: 137/165 Porygon C (Master Ball),1280,11.2
138/165,[JAP] SV2a 151: 138/165 Omanyte U (Non-Foil),50,0.4
138/165,[JAP] SV2a 151: 138/165 Omanyte U (Reverse Holo),80,0.7
138/165,[JAP] SV2a 151: 138/165 Omanyte U (Master Ball),1280,11.2
139/165,[JAP] SV2a 151: 139/165 Omastar R (Foil),80,0.7
139/165,[JAP] SV2a 151: 139/165 Omastar R (Reverse Holo),120,1.1
139/165,[JAP] SV2a 151: 139/165 Omastar R (Master Ball),1280,11.2
140/165,[JAP] SV2a 151: 140/165 Kabuto U (Non-Foil),50,0.4
140/165,[JAP] SV2a 151: 140/165 Kabuto U (Reverse Holo),80,0.7
140/165,[JAP] SV2a 151: 140/165 Kabuto U (Master Ball),1480,13.0
141/165,[JAP] SV2a 151: 141/165 Kabutops R (Foil),80,0.7
141/165,[JAP] SV2a 151: 141/165 Kabutops R (Reverse Holo),120,1.1
141/165,[JAP] SV2a 151: 141/165 Kabutops R (Master Ball),1480,13.0
142/165,[JAP] SV2a 151: 142/165 Aerodactyl R (Foil),80,0.7
142/165,[JAP] SV2a 151: 142/165 Aerodactyl R (Reverse Holo),180,1.6
142/165,[JAP] SV2a 151: 142/165 Aerodactyl R (Master Ball),2480,21.7
143/165,[JAP] SV2a 151: 143/165 Snorlax U (Non-Foil),50,0.4
143/165,[JAP] SV2a 151: 143/165 Snorlax U (Reverse Holo),120,1.1
143/165,[JAP] SV2a 151: 143/165 Snorlax U (Master Ball),2980,26.1
144/165,[JAP] SV2a 151: 144/165 Articuno R (Foil),80,0.7
144/165,[JAP] SV2a 151: 144/165 Articuno R (Reverse Holo),120,1.1
144/165,[JAP] SV2a 151: 144/165 Articuno R (Master Ball),1980,17.4
145/165,[JAP] SV2a 151: 145/165 Zapdos EX RR (Foil),120,17.4
146/165,[JAP] SV2a 151: 146/165 Moltres R (Foil),80,0.7
146/165,[JAP] SV2a 151: 146/165 Moltres R (Reverse Holo),120,1.1
146/165,[JAP] SV2a 151: 146/165 Moltres R (Master Ball),1980,17.4
147/165,[JAP] SV2a 151: 147/165 Dratini C (Non-Foil),30,0.3
147/165,[JAP] SV2a 151: 147/165 Dratini C (Reverse Holo),120,1.1
147/165,[JAP] SV2a 151: 147/165 Dratini C (Master Ball),2480,21.7
148/165,[JAP] SV2a 151: 148/165 Dragonair U (Non-Foil),50,0.4
148/165,[JAP] SV2a 151: 148/165 Dragonair U (Reverse Holo),120,1.1
148/165,[JAP] SV2a 151: 148/165 Dragonair U (Master Ball),3980,34.9
149/165,[JAP] SV2a 151: 149/165 Dragonite R (Foil),80,0.7
149/165,[JAP] SV2a 151: 149/165 Dragonite R (Reverse Holo),180,1.6
149/165,[JAP] SV2a 151: 149/165 Dragonite R (Master Ball),7980,70.0
150/165,[JAP] SV2a 151: 150/165 Mewtwo R (Foil),80,0.7
150/165,[JAP] SV2a 151: 150/165 Mewtwo R (Reverse Holo),220,1.9
150/165,[JAP] SV2a 151: 150/165 Mewtwo R (Master Ball),6980,61.2
151/165,[JAP] SV2a 151: 151/165 Mew EX RR (Foil),120,61.2
152/165,[JAP] SV2a 151: 152/165 Energy Sticker U (Non-Foil),80,0.7
152/165,[JAP] SV2a 151: 152/165 Energy Sticker U (Reverse Holo),120,1.1
152/165,[JAP] SV2a 151: 152/165 Energy Sticker U (Master Ball),980,8.6
153/165,[JAP] SV2a 151: 153/165 Snatch Arm U (Non-Foil),80,0.7
153/165,[JAP] SV2a 151: 153/165 Snatch Arm U (Reverse Holo),120,1.1
153/165,[JAP] SV2a 151: 153/165 Snatch Arm U (Master Ball),1280,11.2
154/165,[JAP] SV2a 151: 154/165 Old Helix Fossil C (Non-Foil),30,0.3
154/165,[JAP] SV2a 151: 154/165 Old Helix Fossil C (Reverse Holo),80,0.7
154/165,[JAP] SV2a 151: 154/165 Old Helix Fossil C (Master Ball),780,6.8
155/165,[JAP] SV2a 151: 155/165 Old Dome Fossil C (Non-Foil),30,0.3
155/165,[JAP] SV2a 151: 155/165 Old Dome Fossil C (Reverse Holo),80,0.7
155/165,[JAP] SV2a 151: 155/165 Old Dome Fossil C (Master Ball),980,8.6
156/165,[JAP] SV2a 151: 156/165 Old Amber C (Non-Foil),30,0.3
156/165,[JAP] SV2a 151: 156/165 Old Amber C (Reverse Holo),80,0.7
156/165,[JAP] SV2a 151: 156/165 Old Amber C (Master Ball),980,8.6
157/165,[JAP] SV2a 151: 157/165 Safety Goggles U (Non-Foil),50,0.4
157/165,[JAP] SV2a 151: 157/165 Safety Goggles U (Reverse Holo),80,0.7
157/165,[JAP] SV2a 151: 157/165 Safety Goggles U (Master Ball),780,6.8
158/165,[JAP] SV2a 151: 158/165 Big Balloon U (Non-Foil),50,0.4
158/165,[JAP] SV2a 151: 158/165 Big Balloon U (Reverse Holo),80,0.7
158/165,[JAP] SV2a 151: 158/165 Big Balloon U (Master Ball),780,6.8
159/165,[JAP] SV2a 151: 159/165 Extra Tight Belt U (Non-Foil),50,0.4
159/165,[JAP] SV2a 151: 159/165 Extra Tight Belt U (Reverse Holo),80,0.7
159/165,[JAP] SV2a 151: 159/165 Extra Tight Belt U (Master Ball),500,4.4
160/165,[JAP] SV2a 151: 160/165 Leftovers U (Non-Foil),50,0.4
160/165,[JAP] SV2a 151: 160/165 Leftovers U (Reverse Holo),80,0.7
160/165,[JAP] SV2a 151: 160/165 Leftovers U (Master Ball),680,6.0
161/165,[JAP] SV2a 151: 161/165 Erika's Invitation U (Non-Foil),80,0.7
161/165,[JAP] SV2a 151: 161/165 Erika's Invitation U (Reverse Holo),120,1.1
161/165,[JAP] SV2a 151: 161/165 Erika's Invitation U (Master Ball),6980,61.2
162/165,[JAP] SV2a 151: 162/165 Giovanni's Charisma U (Non-Foil),50,0.4
162/165,[JAP] SV2a 151: 162/165 Giovanni's Charisma U (Reverse Holo),80,0.7
162/165,[JAP] SV2a 151: 162/165 Giovanni's Charisma U (Master Ball),1280,11.2
163/165,[JAP] SV2a 151: 163/165 Daisy's Assistance U (Non-Foil),50,0.4
163/165,[JAP] SV2a 151: 163/165 Daisy's Assistance U (Reverse Holo),120,1.1
163/165,[JAP] SV2a 151: 163/165 Daisy's Assistance U (Master Ball),1280,11.2
164/165,[JAP] SV2a 151: 164/165 Bill's Transfer U (Non-Foil),50,0.4
164/165,[JAP] SV2a 151: 164/165 Bill's Transfer U (Reverse Holo),80,0.7
164/165,[JAP] SV2a 151: 164/165 Bill's Transfer U (Master Ball),1280,11.2
165/165,[JAP] SV2a 151: 165/165 Cycling Road U (Non-Foil),50,0.4
165/165,[JAP] SV2a 151: 165/165 Cycling Road U (Reverse Holo),80,0.7
165/165,[JAP] SV2a 151: 165/165 Cycling Road U (Master Ball),680,6.0
166/165,[JAP] SV2a 151: 166/165 Bulbasaur AR (Foil),580,6.0
167/165,[JAP] SV2a 151: 167/165 Ivysaur AR (Foil),500,6.0
168/165,[JAP] SV2a 151: 168/165 Charmander AR (Foil),980,6.0
169/165,[JAP] SV2a 151: 169/165 Charmeleon AR (Foil),500,6.0
170/165,[JAP] SV2a 151: 170/165 Squirtle AR (Foil),580,6.0
171/165,[JAP] SV2a 151: 171/165 Wartotle AR (Foil),420,6.0
172/165,[JAP] SV2a 151: 172/165 Caterpie AR (Foil),180,6.0
173/165,[JAP] SV2a 151: 173/165 Pikachu AR (Foil),780,6.0
174/165,[JAP] SV2a 151: 174/165 Nidoking AR (Foil),220,6.0
175/165,[JAP] SV2a 151: 175/165 Psyduck AR (Foil),320,6.0
176/165,[JAP] SV2a 151: 176/165 Poliwhirl AR (Foil),220,6.0
177/165,[JAP] SV2a 151: 177/165 Machoke AR (Foil),180,6.0
178/165,[JAP] SV2a 151: 178/165 Tangela AR (Foil),180,6.0
179/165,[JAP] SV2a 151: 179/165 Mr Mime AR (Foil),180,6.0
180/165,[JAP] SV2a 151: 180/165 Omanyte AR (Foil),180,6.0
181/165,[JAP] SV2a 151: 181/165 Snorlax AR (Foil),420,6.0
182/165,[JAP] SV2a 151: 182/165 Dragonair AR (Foil),320,6.0
183/165,[JAP] SV2a 151: 183/165 Mewtwo AR (Foil),500,6.0
184/165,[JAP] SV2a 151: 184/165 Venusaur EX SR (Foil),780,6.0
185/165,[JAP] SV2a 151: 185/165 Charizard EX SR (Foil),1980,6.0
186/165,[JAP] SV2a 151: 186/165 Blastoise EX SR (Foil),980,6.0
187/165,[JAP] SV2a 151: 187/165 Arbok EX SR (Foil),500,6.0
188/165,[JAP] SV2a 151: 188/165 Ninetails EX SR (Foil),500,6.0
189/165,[JAP] SV2a 151: 189/165 Wigglytuff EX SR (Foil),500,6.0
190/165,[JAP] SV2a 151: 190/165 Alakazam EX SR (Foil),580,6.0
191/165,[JAP] SV2a 151: 191/165 Golem EX SR (Foil),500,6.0
192/165,[JAP] SV2a 151: 192/165 Kangaskhan EX SR (Foil),500,6.0
193/165,[JAP] SV2a 151: 193/165 Jynx EX SR (Foil),500,6.0
194/165,[JAP] SV2a 151: 194/165 Zapdos EX SR (Foil),580,6.0
195/165,[JAP] SV2a 151: 195/165 Mew EX SR (Foil),980,6.0
196/165,[JAP] SV2a 151: 196/165 Erika's Invitation SR (Foil),3480,6.0
197/165,[JAP] SV2a 151: 197/165 Giovanni's Charisma SR (Foil),680,6.0
198/165,[JAP] SV2a 151: 198/165 Daisy's Assistance SR (Foil),680,6.0
199/165,[JAP] SV2a 151: 199/165 Bill's Transfer SR (Foil),500,6.0
200/165,[JAP] SV2a 151: 200/165 Venusaur EX SAR (Foil),4980,6.0
201/165,[JAP] SV2a 151: 201/165 Charizard EX SAR (Foil),14800,6.0
202/165,[JAP] SV2a 151: 202/165 Blastoise EX SAR (Foil),5980,6.0
203/165,[JAP] SV2a 151: 203/165 Alakazam EX SAR (Foil),3480,6.0
204/165,[JAP] SV2a 151: 204/165 Zapdos EX SAR (Foil),5980,6.0
205/165,[JAP] SV2a 151: 205/165 Mew EX SAR (Foil),9980,6.0
206/165,[JAP] SV2a 151: 206/165 Erika's Invitation SAR (Foil),8980,6.0
207/165,[JAP] SV2a 151: 207/165 Giovanni's Charisma SAR (Foil),1780,6.0
208/165,[JAP] SV2a 151: 208/165 Mew EX UR (Foil),1980,6.0
209/165,[JAP] SV2a 151: 209/165 Switch UR (Foil),1780,6.0
210/165,[JAP] SV2a 151: 210/165 Psychic Energy UR (Foil),1480,6.0
