ID,Shopify Name,Sawadeekard Name,Before,Change,After
001/182,[ENG]	SV04	Paradox Rift:	001/182	Surskit	C	(Non-Foil),Surskit C (Non-Foil),0.5,0.0,0.5
001/182,[ENG]	SV04	Paradox Rift:	001/182	Surskit	C	(Reverse Holo),Surskit C (Reverse Holo),1.0,0.0,1.0
002/182,[ENG]	SV04	Paradox Rift:	002/182	Masquerain	U	(Non-Foil),Masquerain U (Non-Foil),0.5,0.0,0.5
002/182,[ENG]	SV04	Paradox Rift:	002/182	Masquerain	U	(Reverse Holo),Masquerain U (Reverse Holo),1.0,0.0,1.0
003/182,[ENG]	SV04	Paradox Rift:	003/182	Froslass ex	RR	(Foil),Froslass ex RR (Foil),0.5,1.5,2.0
004/182,[ENG]	SV04	Paradox Rift:	004/182	Pansage	C	(Non-Foil),Pansage C (Non-Foil),0.5,0.0,0.5
004/182,[ENG]	SV04	Paradox Rift:	004/182	Pansage	C	(Reverse Holo),Pansage C (Reverse Holo),1.0,0.0,1.0
005/182,[ENG]	SV04	Paradox Rift:	005/182	Simisage	U	(Non-Foil),Simisage U (Non-Foil),0.5,0.0,0.5
005/182,[ENG]	SV04	Paradox Rift:	005/182	Simisage	U	(Reverse Holo),Simisage U (Reverse Holo),1.0,0.0,1.0
006/182,[ENG]	SV04	Paradox Rift:	006/182	Dwebble	C	(Non-Foil),Dwebble C (Non-Foil),0.5,0.0,0.5
006/182,[ENG]	SV04	Paradox Rift:	006/182	Dwebble	C	(Reverse Holo),Dwebble C (Reverse Holo),1.0,0.0,1.0
007/182,[ENG]	SV04	Paradox Rift:	007/182	Crustle	C	(Non-Foil),Crustle C (Non-Foil),0.5,0.0,0.5
007/182,[ENG]	SV04	Paradox Rift:	007/182	Crustle	C	(Reverse Holo),Crustle C (Reverse Holo),1.0,0.0,1.0
008/182,[ENG]	SV04	Paradox Rift:	008/182	Bounsweet	C	(Non-Foil),Bounsweet C (Non-Foil),0.5,0.09999999999999998,0.6
008/182,[ENG]	SV04	Paradox Rift:	008/182	Bounsweet	C	(Reverse Holo),Bounsweet C (Reverse Holo),1.0,0.0,1.0
009/182,[ENG]	SV04	Paradox Rift:	009/182	Steenee	U	(Non-Foil),Steenee U (Non-Foil),0.5,0.0,0.5
009/182,[ENG]	SV04	Paradox Rift:	009/182	Steenee	U	(Reverse Holo),Steenee U (Reverse Holo),1.0,0.0,1.0
010/182,[ENG]	SV04	Paradox Rift:	010/182	Blipbug	C	(Non-Foil),Blipbug C (Non-Foil),0.5,0.0,0.5
010/182,[ENG]	SV04	Paradox Rift:	010/182	Blipbug	C	(Reverse Holo),Blipbug C (Reverse Holo),1.0,0.0,1.0
011/182,[ENG]	SV04	Paradox Rift:	011/182	Dottler	C	(Non-Foil),Dottler C (Non-Foil),0.5,0.0,0.5
011/182,[ENG]	SV04	Paradox Rift:	011/182	Dottler	C	(Reverse Holo),Dottler C (Reverse Holo),1.0,0.0,1.0
012/182,[ENG]	SV04	Paradox Rift:	012/182	Orbeetle	U	(Non-Foil),Orbeetle U (Non-Foil),0.5,0.0,0.5
012/182,[ENG]	SV04	Paradox Rift:	012/182	Orbeetle	U	(Reverse Holo),Orbeetle U (Reverse Holo),1.0,0.0,1.0
013/182,[ENG]	SV04	Paradox Rift:	013/182	Nymble	C	(Non-Foil),Nymble C (Non-Foil),0.5,0.0,0.5
013/182,[ENG]	SV04	Paradox Rift:	013/182	Nymble	C	(Reverse Holo),Nymble C (Reverse Holo),1.0,0.0,1.0
014/182,[ENG]	SV04	Paradox Rift:	014/182	Nymble	C	(Non-Foil),Nymble C (Non-Foil),0.5,0.0,0.5
014/182,[ENG]	SV04	Paradox Rift:	014/182	Nymble	C	(Reverse Holo),Nymble C (Reverse Holo),1.0,0.0,1.0
015/182,[ENG]	SV04	Paradox Rift:	015/182	Toedscool	C	(Non-Foil),Toedscool C (Non-Foil),0.5,0.0,0.5
015/182,[ENG]	SV04	Paradox Rift:	015/182	Toedscool	C	(Reverse Holo),Toedscool C (Reverse Holo),1.0,0.0,1.0
016/182,[ENG]	SV04	Paradox Rift:	016/182	Toedscool	C	(Non-Foil),Toedscool C (Non-Foil),0.5,0.0,0.5
016/182,[ENG]	SV04	Paradox Rift:	016/182	Toedscool	C	(Reverse Holo),Toedscool C (Reverse Holo),1.0,0.0,1.0
017/182,[ENG]	SV04	Paradox Rift:	017/182	Toedscruel	U	(Non-Foil),Toedscruel U (Non-Foil),0.5,0.0,0.5
017/182,[ENG]	SV04	Paradox Rift:	017/182	Toedscruel	U	(Reverse Holo),Toedscruel U (Reverse Holo),1.0,0.0,1.0
018/182,[ENG]	SV04	Paradox Rift:	018/182	Wo-Chien	R	(Foil),Wo-Chien R (Foil),0.5,0.0,0.5
018/182,[ENG]	SV04	Paradox Rift:	018/182	Wo-Chien	R	(Reverse Holo),Wo-Chien R (Reverse Holo),1.0,0.0,1.0
019/182,[ENG]	SV04	Paradox Rift:	019/182	Magby	C	(Non-Foil),Magby C (Non-Foil),0.5,0.0,0.5
019/182,[ENG]	SV04	Paradox Rift:	019/182	Magby	C	(Reverse Holo),Magby C (Reverse Holo),1.0,0.0,1.0
020/182,[ENG]	SV04	Paradox Rift:	020/182	Pansear	C	(Non-Foil),Pansear C (Non-Foil),0.5,0.0,0.5
020/182,[ENG]	SV04	Paradox Rift:	020/182	Pansear	C	(Reverse Holo),Pansear C (Reverse Holo),1.0,0.0,1.0
021/182,[ENG]	SV04	Paradox Rift:	021/182	Simisear	U	(Non-Foil),Simisear U (Non-Foil),0.5,0.0,0.5
021/182,[ENG]	SV04	Paradox Rift:	021/182	Simisear	U	(Reverse Holo),Simisear U (Reverse Holo),1.0,0.0,1.0
022/182,[ENG]	SV04	Paradox Rift:	022/182	Volcanion	R	(Foil),Volcanion R (Foil),0.5,0.0,0.5
022/182,[ENG]	SV04	Paradox Rift:	022/182	Volcanion	R	(Reverse Holo),Volcanion R (Reverse Holo),1.0,0.0,1.0
023/182,[ENG]	SV04	Paradox Rift:	023/182	Fuecoco	C	(Non-Foil),Fuecoco C (Non-Foil),0.5,0.0,0.5
023/182,[ENG]	SV04	Paradox Rift:	023/182	Fuecoco	C	(Reverse Holo),Fuecoco C (Reverse Holo),1.0,0.0,1.0
024/182,[ENG]	SV04	Paradox Rift:	024/182	Crocalor	U	(Non-Foil),Crocalor U (Non-Foil),0.5,0.0,0.5
024/182,[ENG]	SV04	Paradox Rift:	024/182	Crocalor	U	(Reverse Holo),Crocalor U (Reverse Holo),1.0,0.0,1.0
025/182,[ENG]	SV04	Paradox Rift:	025/182	Charcadet	C	(Non-Foil),Charcadet C (Non-Foil),1.0,-0.5,0.5
025/182,[ENG]	SV04	Paradox Rift:	025/182	Charcadet	C	(Reverse Holo),Charcadet C (Reverse Holo),1.0,0.0,1.0
026/182,[ENG]	SV04	Paradox Rift:	026/182	Charcadet	C	(Non-Foil),Charcadet C (Non-Foil),0.5,0.0,0.5
026/182,[ENG]	SV04	Paradox Rift:	026/182	Charcadet	C	(Reverse Holo),Charcadet C (Reverse Holo),1.0,0.0,1.0
027/182,[ENG]	SV04	Paradox Rift:	027/182	Armarouge ex	RR	(Foil),Armarouge ex RR (Foil),0.5,1.5,2.0
028/182,[ENG]	SV04	Paradox Rift:	028/182	Iron Moth	R	(Foil),Iron Moth R (Foil),0.5,0.0,0.5
028/182,[ENG]	SV04	Paradox Rift:	028/182	Iron Moth	R	(Reverse Holo),Iron Moth R (Reverse Holo),1.0,0.0,1.0
029/182,[ENG]	SV04	Paradox Rift:	029/182	Chi-Yu	R	(Foil),Chi-Yu R (Foil),0.5,0.0,0.5
029/182,[ENG]	SV04	Paradox Rift:	029/182	Chi-Yu	R	(Reverse Holo),Chi-Yu R (Reverse Holo),1.0,0.0,1.0
030/182,[ENG]	SV04	Paradox Rift:	030/182	Horsea	C	(Non-Foil),Horsea C (Non-Foil),0.5,0.0,0.5
030/182,[ENG]	SV04	Paradox Rift:	030/182	Horsea	C	(Reverse Holo),Horsea C (Reverse Holo),1.0,0.0,1.0
031/182,[ENG]	SV04	Paradox Rift:	031/182	Seadra	C	(Non-Foil),Seadra C (Non-Foil),0.5,0.0,0.5
031/182,[ENG]	SV04	Paradox Rift:	031/182	Seadra	C	(Reverse Holo),Seadra C (Reverse Holo),1.0,0.0,1.0
032/182,[ENG]	SV04	Paradox Rift:	032/182	Kingdra	R	(Foil),Kingdra R (Foil),0.5,0.0,0.5
032/182,[ENG]	SV04	Paradox Rift:	032/182	Kingdra	R	(Reverse Holo),Kingdra R (Reverse Holo),1.0,0.0,1.0
033/182,[ENG]	SV04	Paradox Rift:	033/182	Remoraid	C	(Non-Foil),Remoraid C (Non-Foil),0.5,0.0,0.5
033/182,[ENG]	SV04	Paradox Rift:	033/182	Remoraid	C	(Reverse Holo),Remoraid C (Reverse Holo),1.0,0.0,1.0
034/182,[ENG]	SV04	Paradox Rift:	034/182	Octillery	C	(Non-Foil),Octillery C (Non-Foil),0.5,0.0,0.5
034/182,[ENG]	SV04	Paradox Rift:	034/182	Octillery	C	(Reverse Holo),Octillery C (Reverse Holo),1.0,0.0,1.0
035/182,[ENG]	SV04	Paradox Rift:	035/182	Feebas	C	(Non-Foil),Feebas C (Non-Foil),0.5,0.0,0.5
035/182,[ENG]	SV04	Paradox Rift:	035/182	Feebas	C	(Reverse Holo),Feebas C (Reverse Holo),1.0,0.0,1.0
036/182,[ENG]	SV04	Paradox Rift:	036/182	Milotic	R	(Foil),Milotic R (Foil),0.5,0.0,0.5
036/182,[ENG]	SV04	Paradox Rift:	036/182	Milotic	R	(Reverse Holo),Milotic R (Reverse Holo),1.0,0.0,1.0
037/182,[ENG]	SV04	Paradox Rift:	037/182	Snorunt	C	(Non-Foil),Snorunt C (Non-Foil),0.5,0.0,0.5
037/182,[ENG]	SV04	Paradox Rift:	037/182	Snorunt	C	(Reverse Holo),Snorunt C (Reverse Holo),1.0,0.0,1.0
038/182,[ENG]	SV04	Paradox Rift:	038/182	Garchomp ex	RR	(Foil),Garchomp ex RR (Foil),0.5,1.5,2.0
039/182,[ENG]	SV04	Paradox Rift:	039/182	Mantyke	C	(Non-Foil),Mantyke C (Non-Foil),0.5,0.0,0.5
039/182,[ENG]	SV04	Paradox Rift:	039/182	Mantyke	C	(Reverse Holo),Mantyke C (Reverse Holo),1.0,0.0,1.0
040/182,[ENG]	SV04	Paradox Rift:	040/182	Palkia	R	(Foil),Palkia R (Foil),0.5,0.0,0.5
040/182,[ENG]	SV04	Paradox Rift:	040/182	Palkia	R	(Reverse Holo),Palkia R (Reverse Holo),1.0,0.0,1.0
041/182,[ENG]	SV04	Paradox Rift:	041/182	Panpour	C	(Non-Foil),Panpour C (Non-Foil),0.5,0.0,0.5
041/182,[ENG]	SV04	Paradox Rift:	041/182	Panpour	C	(Reverse Holo),Panpour C (Reverse Holo),1.0,0.0,1.0
042/182,[ENG]	SV04	Paradox Rift:	042/182	Simipour	U	(Non-Foil),Simipour U (Non-Foil),0.5,0.0,0.5
042/182,[ENG]	SV04	Paradox Rift:	042/182	Simipour	U	(Reverse Holo),Simipour U (Reverse Holo),1.0,0.0,1.0
043/182,[ENG]	SV04	Paradox Rift:	043/182	Vanillite	C	(Non-Foil),Vanillite C (Non-Foil),0.5,0.0,0.5
043/182,[ENG]	SV04	Paradox Rift:	043/182	Vanillite	C	(Reverse Holo),Vanillite C (Reverse Holo),1.0,0.0,1.0
044/182,[ENG]	SV04	Paradox Rift:	044/182	Vanillish	C	(Non-Foil),Vanillish C (Non-Foil),0.5,0.0,0.5
044/182,[ENG]	SV04	Paradox Rift:	044/182	Vanillish	C	(Reverse Holo),Vanillish C (Reverse Holo),1.0,0.0,1.0
045/182,[ENG]	SV04	Paradox Rift:	045/182	Vanilluxe	U	(Non-Foil),Vanilluxe U (Non-Foil),0.5,0.0,0.5
045/182,[ENG]	SV04	Paradox Rift:	045/182	Vanilluxe	U	(Reverse Holo),Vanilluxe U (Reverse Holo),1.0,0.0,1.0
046/182,[ENG]	SV04	Paradox Rift:	046/182	Tsareena ex	RR	(Foil),Tsareena ex RR (Foil),0.5,1.5,2.0
047/182,[ENG]	SV04	Paradox Rift:	047/182	Wimpod	C	(Non-Foil),Wimpod C (Non-Foil),0.5,0.0,0.5
047/182,[ENG]	SV04	Paradox Rift:	047/182	Wimpod	C	(Reverse Holo),Wimpod C (Reverse Holo),1.0,0.0,1.0
048/182,[ENG]	SV04	Paradox Rift:	048/182	Wimpod	C	(Non-Foil),Wimpod C (Non-Foil),0.5,0.0,0.5
048/182,[ENG]	SV04	Paradox Rift:	048/182	Wimpod	C	(Reverse Holo),Wimpod C (Reverse Holo),1.0,0.0,1.0
049/182,[ENG]	SV04	Paradox Rift:	049/182	Golisopod	R	(Foil),Golisopod R (Foil),0.5,0.0,0.5
049/182,[ENG]	SV04	Paradox Rift:	049/182	Golisopod	R	(Reverse Holo),Golisopod R (Reverse Holo),1.0,0.0,1.0
050/182,[ENG]	SV04	Paradox Rift:	050/182	Golisopod ex	RR	(Foil),Golisopod ex RR (Foil),0.5,1.5,2.0
051/182,[ENG]	SV04	Paradox Rift:	051/182	Wiglett	C	(Non-Foil),Wiglett C (Non-Foil),0.5,0.0,0.5
051/182,[ENG]	SV04	Paradox Rift:	051/182	Wiglett	C	(Reverse Holo),Wiglett C (Reverse Holo),1.0,0.0,1.0
052/182,[ENG]	SV04	Paradox Rift:	052/182	Wiglett	C	(Non-Foil),Wiglett C (Non-Foil),0.5,0.0,0.5
052/182,[ENG]	SV04	Paradox Rift:	052/182	Wiglett	C	(Reverse Holo),Wiglett C (Reverse Holo),1.0,0.0,1.0
053/182,[ENG]	SV04	Paradox Rift:	053/182	Wugtrio	U	(Non-Foil),Wugtrio U (Non-Foil),0.5,0.0,0.5
053/182,[ENG]	SV04	Paradox Rift:	053/182	Wugtrio	U	(Reverse Holo),Wugtrio U (Reverse Holo),1.0,0.0,1.0
054/182,[ENG]	SV04	Paradox Rift:	054/182	Veluza	U	(Non-Foil),Veluza U (Non-Foil),0.5,0.0,0.5
054/182,[ENG]	SV04	Paradox Rift:	054/182	Veluza	U	(Reverse Holo),Veluza U (Reverse Holo),1.0,0.0,1.0
055/182,[ENG]	SV04	Paradox Rift:	055/182	Dondozo	U	(Non-Foil),Dondozo U (Non-Foil),0.5,0.0,0.5
055/182,[ENG]	SV04	Paradox Rift:	055/182	Dondozo	U	(Reverse Holo),Dondozo U (Reverse Holo),1.0,0.0,1.0
056/182,[ENG]	SV04	Paradox Rift:	056/182	Iron Bundle	U	(Non-Foil),Iron Bundle U (Non-Foil),0.5,0.09999999999999998,0.6
056/182,[ENG]	SV04	Paradox Rift:	056/182	Iron Bundle	U	(Reverse Holo),Iron Bundle U (Reverse Holo),1.5,-0.19999999999999996,1.3
057/182,[ENG]	SV04	Paradox Rift:	057/182	Chien-Pao	R	(Foil),Chien-Pao R (Foil),0.5,0.0,0.5
057/182,[ENG]	SV04	Paradox Rift:	057/182	Chien-Pao	R	(Reverse Holo),Chien-Pao R (Reverse Holo),1.0,0.0,1.0
058/182,[ENG]	SV04	Paradox Rift:	058/182	Mewtwo ex	RR	(Foil),Mewtwo ex RR (Foil),0.5,3.5,4.0
059/182,[ENG]	SV04	Paradox Rift:	059/182	Elekid	C	(Non-Foil),Elekid C (Non-Foil),0.5,0.0,0.5
059/182,[ENG]	SV04	Paradox Rift:	059/182	Elekid	C	(Reverse Holo),Elekid C (Reverse Holo),1.0,0.0,1.0
060/182,[ENG]	SV04	Paradox Rift:	060/182	Plusle	C	(Non-Foil),Plusle C (Non-Foil),0.5,0.0,0.5
060/182,[ENG]	SV04	Paradox Rift:	060/182	Plusle	C	(Reverse Holo),Plusle C (Reverse Holo),1.0,0.0,1.0
061/182,[ENG]	SV04	Paradox Rift:	061/182	Minun	C	(Non-Foil),Minun C (Non-Foil),0.5,0.0,0.5
061/182,[ENG]	SV04	Paradox Rift:	061/182	Minun	C	(Reverse Holo),Minun C (Reverse Holo),1.0,0.0,1.0
062/182,[ENG]	SV04	Paradox Rift:	062/182	Blitzle	C	(Non-Foil),Blitzle C (Non-Foil),0.5,0.0,0.5
062/182,[ENG]	SV04	Paradox Rift:	062/182	Blitzle	C	(Reverse Holo),Blitzle C (Reverse Holo),1.0,0.0,1.0
063/182,[ENG]	SV04	Paradox Rift:	063/182	Zebstrika	U	(Non-Foil),Zebstrika U (Non-Foil),0.5,0.0,0.5
063/182,[ENG]	SV04	Paradox Rift:	063/182	Zebstrika	U	(Reverse Holo),Zebstrika U (Reverse Holo),1.0,0.0,1.0
064/182,[ENG]	SV04	Paradox Rift:	064/182	Joltik	C	(Non-Foil),Joltik C (Non-Foil),0.5,0.0,0.5
064/182,[ENG]	SV04	Paradox Rift:	064/182	Joltik	C	(Reverse Holo),Joltik C (Reverse Holo),1.0,0.0,1.0
065/182,[ENG]	SV04	Paradox Rift:	065/182	Galvantula	C	(Non-Foil),Galvantula C (Non-Foil),0.5,0.0,0.5
065/182,[ENG]	SV04	Paradox Rift:	065/182	Galvantula	C	(Reverse Holo),Galvantula C (Reverse Holo),1.0,0.0,1.0
066/182,[ENG]	SV04	Paradox Rift:	066/182	Zekrom	R	(Foil),Zekrom R (Foil),0.5,0.0,0.5
066/182,[ENG]	SV04	Paradox Rift:	066/182	Zekrom	R	(Reverse Holo),Zekrom R (Reverse Holo),1.0,0.0,1.0
067/182,[ENG]	SV04	Paradox Rift:	067/182	Oricorio	C	(Non-Foil),Oricorio C (Non-Foil),0.5,0.0,0.5
067/182,[ENG]	SV04	Paradox Rift:	067/182	Oricorio	C	(Reverse Holo),Oricorio C (Reverse Holo),1.0,0.0,1.0
068/182,[ENG]	SV04	Paradox Rift:	068/182	Tapu Koko ex	RR	(Foil),Tapu Koko ex RR (Foil),0.5,1.5,2.0
069/182,[ENG]	SV04	Paradox Rift:	069/182	Toxel	C	(Non-Foil),Toxel C (Non-Foil),0.5,0.0,0.5
069/182,[ENG]	SV04	Paradox Rift:	069/182	Toxel	C	(Reverse Holo),Toxel C (Reverse Holo),1.0,0.0,1.0
070/182,[ENG]	SV04	Paradox Rift:	070/182	Iron Hands ex	RR	(Foil),Iron Hands ex RR (Foil),0.5,19.4,19.9
071/182,[ENG]	SV04	Paradox Rift:	071/182	Natu	C	(Non-Foil),Natu C (Non-Foil),0.5,0.0,0.5
071/182,[ENG]	SV04	Paradox Rift:	071/182	Natu	C	(Reverse Holo),Natu C (Reverse Holo),1.0,0.0,1.0
072/182,[ENG]	SV04	Paradox Rift:	072/182	Xatu	R	(Foil),Xatu R (Foil),0.5,0.09999999999999998,0.6
072/182,[ENG]	SV04	Paradox Rift:	072/182	Xatu	R	(Reverse Holo),Xatu R (Reverse Holo),1.0,0.0,1.0
073/182,[ENG]	SV04	Paradox Rift:	073/182	Latios	R	(Foil),Latios R (Foil),0.5,0.0,0.5
073/182,[ENG]	SV04	Paradox Rift:	073/182	Latios	R	(Reverse Holo),Latios R (Reverse Holo),1.0,0.0,1.0
074/182,[ENG]	SV04	Paradox Rift:	074/182	Deoxys	R	(Foil),Deoxys R (Foil),0.5,0.0,0.5
074/182,[ENG]	SV04	Paradox Rift:	074/182	Deoxys	R	(Reverse Holo),Deoxys R (Reverse Holo),1.0,0.0,1.0
075/182,[ENG]	SV04	Paradox Rift:	075/182	Yamask	C	(Non-Foil),Yamask C (Non-Foil),0.5,0.0,0.5
075/182,[ENG]	SV04	Paradox Rift:	075/182	Yamask	C	(Reverse Holo),Yamask C (Reverse Holo),1.0,0.0,1.0
076/182,[ENG]	SV04	Paradox Rift:	076/182	Cofagrigus ex	RR	(Foil),Cofagrigus ex RR (Foil),0.5,1.5,2.0
077/182,[ENG]	SV04	Paradox Rift:	077/182	Pumpkaboo	C	(Non-Foil),Pumpkaboo C (Non-Foil),0.5,0.0,0.5
077/182,[ENG]	SV04	Paradox Rift:	077/182	Pumpkaboo	C	(Reverse Holo),Pumpkaboo C (Reverse Holo),1.0,0.0,1.0
078/182,[ENG]	SV04	Paradox Rift:	078/182	Gourgeist	U	(Non-Foil),Gourgeist U (Non-Foil),0.5,0.0,0.5
078/182,[ENG]	SV04	Paradox Rift:	078/182	Gourgeist	U	(Reverse Holo),Gourgeist U (Reverse Holo),1.0,0.0,1.0
079/182,[ENG]	SV04	Paradox Rift:	079/182	Flittle	C	(Non-Foil),Flittle C (Non-Foil),0.5,0.0,0.5
079/182,[ENG]	SV04	Paradox Rift:	079/182	Flittle	C	(Reverse Holo),Flittle C (Reverse Holo),1.0,0.0,1.0
080/182,[ENG]	SV04	Paradox Rift:	080/182	Flittle	C	(Non-Foil),Flittle C (Non-Foil),0.5,0.0,0.5
080/182,[ENG]	SV04	Paradox Rift:	080/182	Flittle	C	(Reverse Holo),Flittle C (Reverse Holo),1.0,0.0,1.0
081/182,[ENG]	SV04	Paradox Rift:	081/182	Espathra	R	(Foil),Espathra R (Foil),0.5,0.0,0.5
081/182,[ENG]	SV04	Paradox Rift:	081/182	Espathra	R	(Reverse Holo),Espathra R (Reverse Holo),1.0,0.0,1.0
082/182,[ENG]	SV04	Paradox Rift:	082/182	Tinkatink	C	(Non-Foil),Tinkatink C (Non-Foil),0.5,0.0,0.5
082/182,[ENG]	SV04	Paradox Rift:	082/182	Tinkatink	C	(Reverse Holo),Tinkatink C (Reverse Holo),1.0,0.0,1.0
083/182,[ENG]	SV04	Paradox Rift:	083/182	Tinkatink	C	(Non-Foil),Tinkatink C (Non-Foil),0.5,0.0,0.5
083/182,[ENG]	SV04	Paradox Rift:	083/182	Tinkatink	C	(Reverse Holo),Tinkatink C (Reverse Holo),1.0,0.0,1.0
084/182,[ENG]	SV04	Paradox Rift:	084/182	Tinkatuff	C	(Non-Foil),Tinkatuff C (Non-Foil),0.5,0.0,0.5
084/182,[ENG]	SV04	Paradox Rift:	084/182	Tinkatuff	C	(Reverse Holo),Tinkatuff C (Reverse Holo),1.0,0.0,1.0
085/182,[ENG]	SV04	Paradox Rift:	085/182	Tinkaton	U	(Non-Foil),Tinkaton U (Non-Foil),0.5,0.0,0.5
085/182,[ENG]	SV04	Paradox Rift:	085/182	Tinkaton	U	(Reverse Holo),Tinkaton U (Reverse Holo),1.0,0.0,1.0
086/182,[ENG]	SV04	Paradox Rift:	086/182	Scream Tail	U	(Non-Foil),Scream Tail U (Non-Foil),0.5,0.0,0.5
086/182,[ENG]	SV04	Paradox Rift:	086/182	Scream Tail	U	(Reverse Holo),Scream Tail U (Reverse Holo),1.0,0.0,1.0
087/182,[ENG]	SV04	Paradox Rift:	087/182	Gimmighoul	C	(Non-Foil),Gimmighoul C (Non-Foil),0.5,0.0,0.5
087/182,[ENG]	SV04	Paradox Rift:	087/182	Gimmighoul	C	(Reverse Holo),Gimmighoul C (Reverse Holo),1.0,0.0,1.0
088/182,[ENG]	SV04	Paradox Rift:	088/182	Gimmighoul	C	(Non-Foil),Gimmighoul C (Non-Foil),0.5,0.0,0.5
088/182,[ENG]	SV04	Paradox Rift:	088/182	Gimmighoul	C	(Reverse Holo),Gimmighoul C (Reverse Holo),1.0,0.0,1.0
089/182,[ENG]	SV04	Paradox Rift:	089/182	Iron Valiant ex	RR	(Foil),Iron Valiant ex RR (Foil),0.5,1.5,2.0
090/182,[ENG]	SV04	Paradox Rift:	090/182	Onix	C	(Non-Foil),Onix C (Non-Foil),0.5,0.0,0.5
090/182,[ENG]	SV04	Paradox Rift:	090/182	Onix	C	(Reverse Holo),Onix C (Reverse Holo),1.0,0.0,1.0
091/182,[ENG]	SV04	Paradox Rift:	091/182	Gligar	C	(Non-Foil),Gligar C (Non-Foil),1.0,-0.5,0.5
091/182,[ENG]	SV04	Paradox Rift:	091/182	Gligar	C	(Reverse Holo),Gligar C (Reverse Holo),1.0,0.0,1.0
092/182,[ENG]	SV04	Paradox Rift:	092/182	Gliscor	U	(Non-Foil),Gliscor U (Non-Foil),0.5,0.0,0.5
092/182,[ENG]	SV04	Paradox Rift:	092/182	Gliscor	U	(Reverse Holo),Gliscor U (Reverse Holo),1.0,0.0,1.0
093/182,[ENG]	SV04	Paradox Rift:	093/182	Groudon	R	(Foil),Groudon R (Foil),0.5,0.0,0.5
093/182,[ENG]	SV04	Paradox Rift:	093/182	Groudon	R	(Reverse Holo),Groudon R (Reverse Holo),1.0,0.0,1.0
094/182,[ENG]	SV04	Paradox Rift:	094/182	Gible	C	(Non-Foil),Gible C (Non-Foil),0.5,0.0,0.5
094/182,[ENG]	SV04	Paradox Rift:	094/182	Gible	C	(Reverse Holo),Gible C (Reverse Holo),1.0,0.0,1.0
095/182,[ENG]	SV04	Paradox Rift:	095/182	Gabite	C	(Non-Foil),Gabite C (Non-Foil),0.5,0.0,0.5
095/182,[ENG]	SV04	Paradox Rift:	095/182	Gabite	C	(Reverse Holo),Gabite C (Reverse Holo),1.0,0.0,1.0
096/182,[ENG]	SV04	Paradox Rift:	096/182	Mienfoo	C	(Non-Foil),Mienfoo C (Non-Foil),0.5,0.0,0.5
096/182,[ENG]	SV04	Paradox Rift:	096/182	Mienfoo	C	(Reverse Holo),Mienfoo C (Reverse Holo),1.0,0.0,1.0
097/182,[ENG]	SV04	Paradox Rift:	097/182	Mienshao	U	(Non-Foil),Mienshao U (Non-Foil),0.5,0.0,0.5
097/182,[ENG]	SV04	Paradox Rift:	097/182	Mienshao	U	(Reverse Holo),Mienshao U (Reverse Holo),1.0,0.0,1.0
098/182,[ENG]	SV04	Paradox Rift:	098/182	Hoopa ex	RR	(Foil),Hoopa ex RR (Foil),0.5,1.5,2.0
099/182,[ENG]	SV04	Paradox Rift:	099/182	Minior	U	(Non-Foil),Minior U (Non-Foil),0.5,0.0,0.5
099/182,[ENG]	SV04	Paradox Rift:	099/182	Minior	U	(Reverse Holo),Minior U (Reverse Holo),1.0,0.0,1.0
100/182,[ENG]	SV04	Paradox Rift:	100/182	Toxtricity ex	RR	(Foil),Toxtricity ex RR (Foil),0.5,1.5,2.0
101/182,[ENG]	SV04	Paradox Rift:	101/182	Nacli	C	(Non-Foil),Nacli C (Non-Foil),0.5,0.0,0.5
101/182,[ENG]	SV04	Paradox Rift:	101/182	Nacli	C	(Reverse Holo),Nacli C (Reverse Holo),1.0,0.0,1.0
102/182,[ENG]	SV04	Paradox Rift:	102/182	Nacli	C	(Non-Foil),Nacli C (Non-Foil),0.5,0.0,0.5
102/182,[ENG]	SV04	Paradox Rift:	102/182	Nacli	C	(Reverse Holo),Nacli C (Reverse Holo),1.0,0.0,1.0
103/182,[ENG]	SV04	Paradox Rift:	103/182	Naclstack	C	(Non-Foil),Naclstack C (Non-Foil),0.5,0.0,0.5
103/182,[ENG]	SV04	Paradox Rift:	103/182	Naclstack	C	(Reverse Holo),Naclstack C (Reverse Holo),1.0,0.0,1.0
104/182,[ENG]	SV04	Paradox Rift:	104/182	Garganacl	R	(Foil),Garganacl R (Foil),0.5,0.0,0.5
104/182,[ENG]	SV04	Paradox Rift:	104/182	Garganacl	R	(Reverse Holo),Garganacl R (Reverse Holo),1.0,0.0,1.0
105/182,[ENG]	SV04	Paradox Rift:	105/182	Klawf	U	(Non-Foil),Klawf U (Non-Foil),0.5,0.0,0.5
105/182,[ENG]	SV04	Paradox Rift:	105/182	Klawf	U	(Reverse Holo),Klawf U (Reverse Holo),1.0,0.0,1.0
106/182,[ENG]	SV04	Paradox Rift:	106/182	Flamigo	C	(Non-Foil),Flamigo C (Non-Foil),0.5,0.0,0.5
106/182,[ENG]	SV04	Paradox Rift:	106/182	Flamigo	C	(Reverse Holo),Flamigo C (Reverse Holo),1.0,0.0,1.0
107/182,[ENG]	SV04	Paradox Rift:	107/182	Slither Wing	U	(Non-Foil),Slither Wing U (Non-Foil),0.5,0.0,0.5
107/182,[ENG]	SV04	Paradox Rift:	107/182	Slither Wing	U	(Reverse Holo),Slither Wing U (Reverse Holo),1.0,0.0,1.0
108/182,[ENG]	SV04	Paradox Rift:	108/182	Sandy Shocks ex	RR	(Foil),Sandy Shocks ex RR (Foil),0.5,1.5,2.0
109/182,[ENG]	SV04	Paradox Rift:	109/182	Ting-Lu	R	(Foil),Ting-Lu R (Foil),0.5,0.0,0.5
109/182,[ENG]	SV04	Paradox Rift:	109/182	Ting-Lu	R	(Reverse Holo),Ting-Lu R (Reverse Holo),1.0,0.0,1.0
110/182,[ENG]	SV04	Paradox Rift:	110/182	Zubat	C	(Non-Foil),Zubat C (Non-Foil),0.5,0.0,0.5
110/182,[ENG]	SV04	Paradox Rift:	110/182	Zubat	C	(Reverse Holo),Zubat C (Reverse Holo),1.0,0.0,1.0
111/182,[ENG]	SV04	Paradox Rift:	111/182	Golbat	C	(Non-Foil),Golbat C (Non-Foil),0.5,0.0,0.5
111/182,[ENG]	SV04	Paradox Rift:	111/182	Golbat	C	(Reverse Holo),Golbat C (Reverse Holo),1.0,0.0,1.0
112/182,[ENG]	SV04	Paradox Rift:	112/182	Crobat	U	(Non-Foil),Crobat U (Non-Foil),0.5,0.0,0.5
112/182,[ENG]	SV04	Paradox Rift:	112/182	Crobat	U	(Reverse Holo),Crobat U (Reverse Holo),1.0,0.0,1.0
113/182,[ENG]	SV04	Paradox Rift:	113/182	Absol	U	(Non-Foil),Absol U (Non-Foil),0.5,0.0,0.5
113/182,[ENG]	SV04	Paradox Rift:	113/182	Absol	U	(Reverse Holo),Absol U (Reverse Holo),1.0,0.0,1.0
114/182,[ENG]	SV04	Paradox Rift:	114/182	Purrloin	C	(Non-Foil),Purrloin C (Non-Foil),0.5,0.0,0.5
114/182,[ENG]	SV04	Paradox Rift:	114/182	Purrloin	C	(Reverse Holo),Purrloin C (Reverse Holo),1.0,0.0,1.0
115/182,[ENG]	SV04	Paradox Rift:	115/182	Liepard	C	(Non-Foil),Liepard C (Non-Foil),0.5,0.0,0.5
115/182,[ENG]	SV04	Paradox Rift:	115/182	Liepard	C	(Reverse Holo),Liepard C (Reverse Holo),1.0,0.0,1.0
116/182,[ENG]	SV04	Paradox Rift:	116/182	Trubbish	C	(Non-Foil),Trubbish C (Non-Foil),0.5,0.0,0.5
116/182,[ENG]	SV04	Paradox Rift:	116/182	Trubbish	C	(Reverse Holo),Trubbish C (Reverse Holo),1.0,0.0,1.0
117/182,[ENG]	SV04	Paradox Rift:	117/182	Garbador	U	(Non-Foil),Garbador U (Non-Foil),0.5,0.0,0.5
117/182,[ENG]	SV04	Paradox Rift:	117/182	Garbador	U	(Reverse Holo),Garbador U (Reverse Holo),1.0,0.0,1.0
118/182,[ENG]	SV04	Paradox Rift:	118/182	Yveltal	R	(Foil),Yveltal R (Foil),0.5,0.0,0.5
118/182,[ENG]	SV04	Paradox Rift:	118/182	Yveltal	R	(Reverse Holo),Yveltal R (Reverse Holo),1.0,0.0,1.0
119/182,[ENG]	SV04	Paradox Rift:	119/182	Nickit	C	(Non-Foil),Nickit C (Non-Foil),0.5,0.0,0.5
119/182,[ENG]	SV04	Paradox Rift:	119/182	Nickit	C	(Reverse Holo),Nickit C (Reverse Holo),1.0,0.0,1.0
120/182,[ENG]	SV04	Paradox Rift:	120/182	Thievul	R	(Foil),Thievul R (Foil),0.5,0.0,0.5
120/182,[ENG]	SV04	Paradox Rift:	120/182	Thievul	R	(Reverse Holo),Thievul R (Reverse Holo),1.0,0.0,1.0
121/182,[ENG]	SV04	Paradox Rift:	121/182	Morpeko	R	(Foil),Morpeko R (Foil),0.5,0.0,0.5
121/182,[ENG]	SV04	Paradox Rift:	121/182	Morpeko	R	(Reverse Holo),Morpeko R (Reverse Holo),1.0,0.0,1.0
122/182,[ENG]	SV04	Paradox Rift:	122/182	Lokix	R	(Foil),Lokix R (Foil),0.5,0.0,0.5
122/182,[ENG]	SV04	Paradox Rift:	122/182	Lokix	R	(Reverse Holo),Lokix R (Reverse Holo),1.0,0.0,1.0
123/182,[ENG]	SV04	Paradox Rift:	123/182	Brute Bonnet	R	(Foil),Brute Bonnet R (Foil),0.5,0.0,0.5
123/182,[ENG]	SV04	Paradox Rift:	123/182	Brute Bonnet	R	(Reverse Holo),Brute Bonnet R (Reverse Holo),1.0,0.0,1.0
124/182,[ENG]	SV04	Paradox Rift:	124/182	Roaring Moon ex	RR	(Foil),Roaring Moon ex RR (Foil),0.5,4.8,5.3
125/182,[ENG]	SV04	Paradox Rift:	125/182	Steelix	R	(Foil),Steelix R (Foil),0.5,0.0,0.5
125/182,[ENG]	SV04	Paradox Rift:	125/182	Steelix	R	(Reverse Holo),Steelix R (Reverse Holo),1.0,0.0,1.0
126/182,[ENG]	SV04	Paradox Rift:	126/182	Jirachi	C	(Non-Foil),Jirachi C (Non-Foil),0.5,0.0,0.5
126/182,[ENG]	SV04	Paradox Rift:	126/182	Jirachi	C	(Reverse Holo),Jirachi C (Reverse Holo),1.0,0.0,1.0
127/182,[ENG]	SV04	Paradox Rift:	127/182	Ferroseed	C	(Non-Foil),Ferroseed C (Non-Foil),0.5,0.0,0.5
127/182,[ENG]	SV04	Paradox Rift:	127/182	Ferroseed	C	(Reverse Holo),Ferroseed C (Reverse Holo),1.0,0.0,1.0
128/182,[ENG]	SV04	Paradox Rift:	128/182	Ferrothorn	U	(Non-Foil),Ferrothorn U (Non-Foil),0.5,0.0,0.5
128/182,[ENG]	SV04	Paradox Rift:	128/182	Ferrothorn	U	(Reverse Holo),Ferrothorn U (Reverse Holo),1.0,0.0,1.0
129/182,[ENG]	SV04	Paradox Rift:	129/182	Durant	U	(Non-Foil),Durant U (Non-Foil),0.5,0.0,0.5
129/182,[ENG]	SV04	Paradox Rift:	129/182	Durant	U	(Reverse Holo),Durant U (Reverse Holo),1.0,0.0,1.0
130/182,[ENG]	SV04	Paradox Rift:	130/182	Honedge	C	(Non-Foil),Honedge C (Non-Foil),0.5,0.0,0.5
130/182,[ENG]	SV04	Paradox Rift:	130/182	Honedge	C	(Reverse Holo),Honedge C (Reverse Holo),1.0,0.0,1.0
131/182,[ENG]	SV04	Paradox Rift:	131/182	Honedge	C	(Non-Foil),Honedge C (Non-Foil),0.5,0.0,0.5
131/182,[ENG]	SV04	Paradox Rift:	131/182	Honedge	C	(Reverse Holo),Honedge C (Reverse Holo),1.0,0.0,1.0
132/182,[ENG]	SV04	Paradox Rift:	132/182	Doublade	C	(Non-Foil),Doublade C (Non-Foil),0.5,0.0,0.5
132/182,[ENG]	SV04	Paradox Rift:	132/182	Doublade	C	(Reverse Holo),Doublade C (Reverse Holo),1.0,0.0,1.0
133/182,[ENG]	SV04	Paradox Rift:	133/182	Doublade	C	(Non-Foil),Doublade C (Non-Foil),0.5,0.0,0.5
133/182,[ENG]	SV04	Paradox Rift:	133/182	Doublade	C	(Reverse Holo),Doublade C (Reverse Holo),1.0,0.0,1.0
134/182,[ENG]	SV04	Paradox Rift:	134/182	Aegislash	R	(Foil),Aegislash R (Foil),0.5,0.0,0.5
134/182,[ENG]	SV04	Paradox Rift:	134/182	Aegislash	R	(Reverse Holo),Aegislash R (Reverse Holo),1.0,0.0,1.0
135/182,[ENG]	SV04	Paradox Rift:	135/182	Aegislash ex	RR	(Foil),Aegislash ex RR (Foil),0.5,1.5,2.0
136/182,[ENG]	SV04	Paradox Rift:	136/182	Zacian	R	(Foil),Zacian R (Foil),0.5,0.0,0.5
136/182,[ENG]	SV04	Paradox Rift:	136/182	Zacian	R	(Reverse Holo),Zacian R (Reverse Holo),1.0,0.0,1.0
137/182,[ENG]	SV04	Paradox Rift:	137/182	Skeledirge ex	RR	(Foil),Skeledirge ex RR (Foil),0.5,1.5,2.0
138/182,[ENG]	SV04	Paradox Rift:	138/182	Orthworm	U	(Non-Foil),Orthworm U (Non-Foil),0.5,0.0,0.5
138/182,[ENG]	SV04	Paradox Rift:	138/182	Orthworm	U	(Reverse Holo),Orthworm U (Reverse Holo),1.0,0.0,1.0
139/182,[ENG]	SV04	Paradox Rift:	139/182	Gholdengo ex	RR	(Foil),Gholdengo ex RR (Foil),0.5,2.1,2.6
140/182,[ENG]	SV04	Paradox Rift:	140/182	Altaria ex	RR	(Foil),Altaria ex RR (Foil),0.5,1.5,2.0
141/182,[ENG]	SV04	Paradox Rift:	141/182	Tatsugiri	U	(Non-Foil),Tatsugiri U (Non-Foil),0.5,0.0,0.5
141/182,[ENG]	SV04	Paradox Rift:	141/182	Tatsugiri	U	(Reverse Holo),Tatsugiri U (Reverse Holo),1.0,0.0,1.0
142/182,[ENG]	SV04	Paradox Rift:	142/182	Porygon	C	(Non-Foil),Porygon C (Non-Foil),0.5,0.0,0.5
142/182,[ENG]	SV04	Paradox Rift:	142/182	Porygon	C	(Reverse Holo),Porygon C (Reverse Holo),1.0,0.0,1.0
143/182,[ENG]	SV04	Paradox Rift:	143/182	Porygon2	C	(Non-Foil),Porygon2 C (Non-Foil),0.5,0.0,0.5
143/182,[ENG]	SV04	Paradox Rift:	143/182	Porygon2	C	(Reverse Holo),Porygon2 C (Reverse Holo),1.0,0.0,1.0
144/182,[ENG]	SV04	Paradox Rift:	144/182	Porygon-Z	R	(Foil),Porygon-Z R (Foil),0.5,0.0,0.5
144/182,[ENG]	SV04	Paradox Rift:	144/182	Porygon-Z	R	(Reverse Holo),Porygon-Z R (Reverse Holo),1.0,0.0,1.0
145/182,[ENG]	SV04	Paradox Rift:	145/182	Aipom	C	(Non-Foil),Aipom C (Non-Foil),0.5,0.0,0.5
145/182,[ENG]	SV04	Paradox Rift:	145/182	Aipom	C	(Reverse Holo),Aipom C (Reverse Holo),1.0,0.0,1.0
146/182,[ENG]	SV04	Paradox Rift:	146/182	Ambipom	U	(Non-Foil),Ambipom U (Non-Foil),1.0,-0.5,0.5
146/182,[ENG]	SV04	Paradox Rift:	146/182	Ambipom	U	(Reverse Holo),Ambipom U (Reverse Holo),1.0,0.0,1.0
147/182,[ENG]	SV04	Paradox Rift:	147/182	Miltank	C	(Non-Foil),Miltank C (Non-Foil),0.5,0.0,0.5
147/182,[ENG]	SV04	Paradox Rift:	147/182	Miltank	C	(Reverse Holo),Miltank C (Reverse Holo),1.0,0.0,1.0
148/182,[ENG]	SV04	Paradox Rift:	148/182	Whismur	C	(Non-Foil),Whismur C (Non-Foil),0.5,0.0,0.5
148/182,[ENG]	SV04	Paradox Rift:	148/182	Whismur	C	(Reverse Holo),Whismur C (Reverse Holo),1.0,0.0,1.0
149/182,[ENG]	SV04	Paradox Rift:	149/182	Loudred	C	(Non-Foil),Loudred C (Non-Foil),0.5,0.0,0.5
149/182,[ENG]	SV04	Paradox Rift:	149/182	Loudred	C	(Reverse Holo),Loudred C (Reverse Holo),1.0,0.0,1.0
150/182,[ENG]	SV04	Paradox Rift:	150/182	Exploud	U	(Non-Foil),Exploud U (Non-Foil),0.5,0.0,0.5
150/182,[ENG]	SV04	Paradox Rift:	150/182	Exploud	U	(Reverse Holo),Exploud U (Reverse Holo),1.0,0.0,1.0
151/182,[ENG]	SV04	Paradox Rift:	151/182	Spinda	C	(Non-Foil),Spinda C (Non-Foil),0.5,0.0,0.5
151/182,[ENG]	SV04	Paradox Rift:	151/182	Spinda	C	(Reverse Holo),Spinda C (Reverse Holo),1.0,0.0,1.0
152/182,[ENG]	SV04	Paradox Rift:	152/182	Swablu	C	(Non-Foil),Swablu C (Non-Foil),0.5,0.0,0.5
152/182,[ENG]	SV04	Paradox Rift:	152/182	Swablu	C	(Reverse Holo),Swablu C (Reverse Holo),1.0,0.0,1.0
153/182,[ENG]	SV04	Paradox Rift:	153/182	Tandemaus	C	(Non-Foil),Tandemaus C (Non-Foil),0.5,0.0,0.5
153/182,[ENG]	SV04	Paradox Rift:	153/182	Tandemaus	C	(Reverse Holo),Tandemaus C (Reverse Holo),1.0,0.0,1.0
154/182,[ENG]	SV04	Paradox Rift:	154/182	Tandemaus	C	(Non-Foil),Tandemaus C (Non-Foil),0.5,0.0,0.5
154/182,[ENG]	SV04	Paradox Rift:	154/182	Tandemaus	C	(Reverse Holo),Tandemaus C (Reverse Holo),1.0,0.0,1.0
155/182,[ENG]	SV04	Paradox Rift:	155/182	Maushold ex	RR	(Foil),Maushold ex RR (Foil),0.5,1.5,2.0
156/182,[ENG]	SV04	Paradox Rift:	156/182	Bombirdier ex	RR	(Foil),Bombirdier ex RR (Foil),0.5,1.5,2.0
157/182,[ENG]	SV04	Paradox Rift:	157/182	Cyclizar	U	(Non-Foil),Cyclizar U (Non-Foil),0.5,0.0,0.5
157/182,[ENG]	SV04	Paradox Rift:	157/182	Cyclizar	U	(Reverse Holo),Cyclizar U (Reverse Holo),1.0,0.0,1.0
158/182,[ENG]	SV04	Paradox Rift:	158/182	Iron Jugulis	R	(Foil),Iron Jugulis R (Foil),0.5,0.0,0.5
158/182,[ENG]	SV04	Paradox Rift:	158/182	Iron Jugulis	R	(Reverse Holo),Iron Jugulis R (Reverse Holo),1.0,0.0,1.0
159/182,[ENG]	SV04	Paradox Rift:	159/182	Ancient Booster Energy Capsule	U	(Non-Foil),Ancient Booster Energy Capsule U (Non-Foil),0.6,-0.09999999999999998,0.5
159/182,[ENG]	SV04	Paradox Rift:	159/182	Ancient Booster Energy Capsule	U	(Reverse Holo),Ancient Booster Energy Capsule U (Reverse Holo),1.0,0.0,1.0
160/182,[ENG]	SV04	Paradox Rift:	160/182	Counter Catcher	U	(Non-Foil),Counter Catcher U (Non-Foil),3.0,0.2999999999999998,3.3
160/182,[ENG]	SV04	Paradox Rift:	160/182	Counter Catcher	U	(Reverse Holo),Counter Catcher U (Reverse Holo),4.5,0.7999999999999998,5.3
161/182,[ENG]	SV04	Paradox Rift:	161/182	Cursed Duster	U	(Non-Foil),Cursed Duster U (Non-Foil),1.0,-0.5,0.5
161/182,[ENG]	SV04	Paradox Rift:	161/182	Cursed Duster	U	(Reverse Holo),Cursed Duster U (Reverse Holo),1.0,0.0,1.0
162/182,[ENG]	SV04	Paradox Rift:	162/182	Defiance Vest	U	(Non-Foil),Defiance Vest U (Non-Foil),0.5,0.0,0.5
162/182,[ENG]	SV04	Paradox Rift:	162/182	Defiance Vest	U	(Reverse Holo),Defiance Vest U (Reverse Holo),1.0,0.0,1.0
163/182,[ENG]	SV04	Paradox Rift:	163/182	Earthen Vessel	U	(Non-Foil),Earthen Vessel U (Non-Foil),3.0,2.5999999999999996,5.6
163/182,[ENG]	SV04	Paradox Rift:	163/182	Earthen Vessel	U	(Reverse Holo),Earthen Vessel U (Reverse Holo),4.5,2.8,7.3
164/182,[ENG]	SV04	Paradox Rift:	164/182	Future Booster Energy Capsule	U	(Non-Foil),Future Booster Energy Capsule U (Non-Foil),0.5,0.0,0.5
164/182,[ENG]	SV04	Paradox Rift:	164/182	Future Booster Energy Capsule	U	(Reverse Holo),Future Booster Energy Capsule U (Reverse Holo),1.0,0.0,1.0
165/182,[ENG]	SV04	Paradox Rift:	165/182	Larry	C	(Non-Foil),Larry C (Non-Foil),1.0,-0.5,0.5
165/182,[ENG]	SV04	Paradox Rift:	165/182	Larry	C	(Reverse Holo),Larry C (Reverse Holo),1.0,0.0,1.0
166/182,[ENG]	SV04	Paradox Rift:	166/182	Luxurious Cape	U	(Non-Foil),Luxurious Cape U (Non-Foil),0.5,0.0,0.5
166/182,[ENG]	SV04	Paradox Rift:	166/182	Luxurious Cape	U	(Reverse Holo),Luxurious Cape U (Reverse Holo),1.0,0.0,1.0
167/182,[ENG]	SV04	Paradox Rift:	167/182	Mela	U	(Non-Foil),Mela U (Non-Foil),0.5,0.0,0.5
167/182,[ENG]	SV04	Paradox Rift:	167/182	Mela	U	(Reverse Holo),Mela U (Reverse Holo),1.0,0.0,1.0
168/182,[ENG]	SV04	Paradox Rift:	168/182	Norman	U	(Non-Foil),Norman U (Non-Foil),0.5,0.0,0.5
168/182,[ENG]	SV04	Paradox Rift:	168/182	Norman	U	(Reverse Holo),Norman U (Reverse Holo),1.0,0.0,1.0
169/182,[ENG]	SV04	Paradox Rift:	169/182	Parasol Lady	U	(Non-Foil),Parasol Lady U (Non-Foil),0.5,0.0,0.5
169/182,[ENG]	SV04	Paradox Rift:	169/182	Parasol Lady	U	(Reverse Holo),Parasol Lady U (Reverse Holo),1.0,0.0,1.0
170/182,[ENG]	SV04	Paradox Rift:	170/182	Professor Sada's Vitality	U	(Non-Foil),Professor Sada's Vitality U (Non-Foil),1.5,-0.6,0.9
170/182,[ENG]	SV04	Paradox Rift:	170/182	Professor Sada's Vitality	U	(Reverse Holo),Professor Sada's Vitality U (Reverse Holo),2.0,0.5,2.5
171/182,[ENG]	SV04	Paradox Rift:	171/182	Professor Turo's Scenario 	U	(Non-Foil),Professor Turo's Scenario U (Non-Foil),0.5,0.30000000000000004,0.8
171/182,[ENG]	SV04	Paradox Rift:	171/182	Professor Turo's Scenario 	U	(Reverse Holo),Professor Turo's Scenario U (Reverse Holo),1.0,0.0,1.0
172/182,[ENG]	SV04	Paradox Rift:	172/182	Rika	U	(Non-Foil),Rika U (Non-Foil),0.5,0.0,0.5
172/182,[ENG]	SV04	Paradox Rift:	172/182	Rika	U	(Reverse Holo),Rika U (Reverse Holo),1.0,0.0,1.0
173/182,[ENG]	SV04	Paradox Rift:	173/182	Roark	U	(Non-Foil),Roark U (Non-Foil),0.5,0.0,0.5
173/182,[ENG]	SV04	Paradox Rift:	173/182	Roark	U	(Reverse Holo),Roark U (Reverse Holo),1.0,0.0,1.0
174/182,[ENG]	SV04	Paradox Rift:	174/182	Shauntal	U	(Non-Foil),Shauntal U (Non-Foil),0.5,0.0,0.5
174/182,[ENG]	SV04	Paradox Rift:	174/182	Shauntal	U	(Reverse Holo),Shauntal U (Reverse Holo),1.0,0.0,1.0
175/182,[ENG]	SV04	Paradox Rift:	175/182	Snorlax Doll	U	(Non-Foil),Snorlax Doll U (Non-Foil),0.5,0.0,0.5
175/182,[ENG]	SV04	Paradox Rift:	175/182	Snorlax Doll	U	(Reverse Holo),Snorlax Doll U (Reverse Holo),1.0,0.0,1.0
176/182,[ENG]	SV04	Paradox Rift:	176/182	Technical Machine: Blindside	U	(Non-Foil),Technical Machine: Blindside U (Non-Foil),0.5,0.0,0.5
176/182,[ENG]	SV04	Paradox Rift:	176/182	Technical Machine: Blindside	U	(Reverse Holo),Technical Machine: Blindside U (Reverse Holo),1.0,0.0,1.0
177/182,[ENG]	SV04	Paradox Rift:	177/182	Technical Machine: Devolution	U	(Non-Foil),Technical Machine: Devolution U (Non-Foil),1.5,-0.5,1.0
177/182,[ENG]	SV04	Paradox Rift:	177/182	Technical Machine: Devolution	U	(Reverse Holo),Technical Machine: Devolution U (Reverse Holo),2.5,-1.5,1.0
178/182,[ENG]	SV04	Paradox Rift:	178/182	Technical Machine: Evolution	U	(Non-Foil),Technical Machine: Evolution U (Non-Foil),1.5,-0.6,0.9
178/182,[ENG]	SV04	Paradox Rift:	178/182	Technical Machine: Evolution	U	(Reverse Holo),Technical Machine: Evolution U (Reverse Holo),2.5,-0.5,2.0
179/182,[ENG]	SV04	Paradox Rift:	179/182	Technical Machine: Turbo Energize	U	(Non-Foil),Technical Machine: Turbo Energize U (Non-Foil),0.5,0.0,0.5
179/182,[ENG]	SV04	Paradox Rift:	179/182	Technical Machine: Turbo Energize	U	(Reverse Holo),Technical Machine: Turbo Energize U (Reverse Holo),1.0,0.0,1.0
180/182,[ENG]	SV04	Paradox Rift:	180/182	Techno Radar	U	(Non-Foil),Techno Radar U (Non-Foil),1.0,-0.4,0.6
180/182,[ENG]	SV04	Paradox Rift:	180/182	Techno Radar	U	(Reverse Holo),Techno Radar U (Reverse Holo),1.5,-0.19999999999999996,1.3
181/182,[ENG]	SV04	Paradox Rift:	181/182	Tulip	U	(Non-Foil),Tulip U (Non-Foil),0.5,0.30000000000000004,0.8
181/182,[ENG]	SV04	Paradox Rift:	181/182	Tulip	U	(Reverse Holo),Tulip U (Reverse Holo),1.0,0.0,1.0
182/182,[ENG]	SV04	Paradox Rift:	182/182	Medical Energy	U	(Non-Foil),Medical Energy U (Non-Foil),0.5,0.0,0.5
182/182,[ENG]	SV04	Paradox Rift:	182/182	Medical Energy	U	(Reverse Holo),Medical Energy U (Reverse Holo),1.0,0.0,1.0
183/182,[ENG]	SV04	Paradox Rift:	183/182	Crustle	IR	(Foil),Crustle IR (Foil),0.5,2.1,2.6
184/182,[ENG]	SV04	Paradox Rift:	184/182	Dottler	IR	(Foil),Dottler IR (Foil),0.5,1.5,2.0
185/182,[ENG]	SV04	Paradox Rift:	185/182	Toedscruel	IR	(Foil),Toedscruel IR (Foil),0.5,4.8,5.3
186/182,[ENG]	SV04	Paradox Rift:	186/182	Magby	IR	(Foil),Magby IR (Foil),0.5,11.4,11.9
187/182,[ENG]	SV04	Paradox Rift:	187/182	Iron Moth	IR	(Foil),Iron Moth IR (Foil),0.5,4.8,5.3
188/182,[ENG]	SV04	Paradox Rift:	188/182	Snorunt	IR	(Foil),Snorunt IR (Foil),0.5,6.8,7.3
189/182,[ENG]	SV04	Paradox Rift:	189/182	Mantyke	IR	(Foil),Mantyke IR (Foil),0.5,6.8,7.3
190/182,[ENG]	SV04	Paradox Rift:	190/182	Vanillish	IR	(Foil),Vanillish IR (Foil),0.5,8.8,9.3
191/182,[ENG]	SV04	Paradox Rift:	191/182	Wimpod	IR	(Foil),Wimpod IR (Foil),0.5,5.4,5.9
192/182,[ENG]	SV04	Paradox Rift:	192/182	Veluza	IR	(Foil),Veluza IR (Foil),0.5,4.1,4.6
193/182,[ENG]	SV04	Paradox Rift:	193/182	Plusle	IR	(Foil),Plusle IR (Foil),0.5,18.0,18.5
194/182,[ENG]	SV04	Paradox Rift:	194/182	Minun	IR	(Foil),Minun IR (Foil),0.5,14.1,14.6
195/182,[ENG]	SV04	Paradox Rift:	195/182	Blitzle	IR	(Foil),Blitzle IR (Foil),0.5,3.5,4.0
196/182,[ENG]	SV04	Paradox Rift:	196/182	Joltik	IR	(Foil),Joltik IR (Foil),0.5,8.8,9.3
197/182,[ENG]	SV04	Paradox Rift:	197/182	Espathra	IR	(Foil),Espathra IR (Foil),0.5,6.1,6.6
198/182,[ENG]	SV04	Paradox Rift:	198/182	Gimmighoul	IR	(Foil),Gimmighoul IR (Foil),0.5,10.1,10.6
199/182,[ENG]	SV04	Paradox Rift:	199/182	Groudon	IR	(Foil),Groudon IR (Foil),0.5,72.3,72.8
200/182,[ENG]	SV04	Paradox Rift:	200/182	Mienshao	IR	(Foil),Mienshao IR (Foil),0.5,7.4,7.9
201/182,[ENG]	SV04	Paradox Rift:	201/182	Minior	IR	(Foil),Minior IR (Foil),0.5,11.4,11.9
202/182,[ENG]	SV04	Paradox Rift:	202/182	Garganacl	IR	(Foil),Garganacl IR (Foil),0.5,3.3,3.8
203/182,[ENG]	SV04	Paradox Rift:	203/182	Slither Wing	IR	(Foil),Slither Wing IR (Foil),0.5,5.4,5.9
204/182,[ENG]	SV04	Paradox Rift:	204/182	Garbodor	IR	(Foil),Garbodor IR (Foil),0.5,9.4,9.9
205/182,[ENG]	SV04	Paradox Rift:	205/182	Yveltal	IR	(Foil),Yveltal IR (Foil),0.5,20.7,21.2
206/182,[ENG]	SV04	Paradox Rift:	206/182	Morpeko	IR	(Foil),Morpeko IR (Foil),0.5,18.0,18.5
207/182,[ENG]	SV04	Paradox Rift:	207/182	Brute Bonnet	IR	(Foil),Brute Bonnet IR (Foil),0.5,6.8,7.3
208/182,[ENG]	SV04	Paradox Rift:	208/182	Steelix	IR	(Foil),Steelix IR (Foil),0.5,30.0,30.5
209/182,[ENG]	SV04	Paradox Rift:	209/182	Ferrothorn	IR	(Foil),Ferrothorn IR (Foil),0.5,5.4,5.9
210/182,[ENG]	SV04	Paradox Rift:	210/182	Aegislash	IR	(Foil),Aegislash IR (Foil),0.5,4.1,4.6
211/182,[ENG]	SV04	Paradox Rift:	211/182	Aipom	IR	(Foil),Aipom IR (Foil),0.5,7.4,7.9
212/182,[ENG]	SV04	Paradox Rift:	212/182	Loudred	IR	(Foil),Loudred IR (Foil),0.5,12.7,13.2
213/182,[ENG]	SV04	Paradox Rift:	213/182	Swablu	IR	(Foil),Swablu IR (Foil),0.5,7.4,7.9
214/182,[ENG]	SV04	Paradox Rift:	214/182	Porygon-Z	IR	(Foil),Porygon-Z IR (Foil),0.5,8.1,8.6
215/182,[ENG]	SV04	Paradox Rift:	215/182	Cyclizar	IR	(Foil),Cyclizar IR (Foil),0.5,4.8,5.3
216/182,[ENG]	SV04	Paradox Rift:	216/182	Iron Jugulis	IR	(Foil),Iron Jugulis IR (Foil),0.5,5.3,5.8
217/182,[ENG]	SV04	Paradox Rift:	217/182	Froslass ex	SR	(Foil),Froslass ex SR (Foil),0.5,4.1,4.6
218/182,[ENG]	SV04	Paradox Rift:	218/182	Armarouge ex	SR	(Foil),Armarouge ex SR (Foil),0.5,3.5,4.0
219/182,[ENG]	SV04	Paradox Rift:	219/182	Garchomp ex	SR	(Foil),Garchomp ex SR (Foil),0.5,8.1,8.6
220/182,[ENG]	SV04	Paradox Rift:	220/182	Tsareena ex	SR	(Foil),Tsareena ex SR (Foil),0.5,3.5,4.0
221/182,[ENG]	SV04	Paradox Rift:	221/182	Golisopod ex	SR	(Foil),Golisopod ex SR (Foil),0.5,1.5,2.0
222/182,[ENG]	SV04	Paradox Rift:	222/182	Tapu Koko ex 	SR	(Foil),Tapu Koko ex SR (Foil),0.5,2.1,2.6
223/182,[ENG]	SV04	Paradox Rift:	223/182	Iron Hands ex	SR	(Foil),Iron Hands ex SR (Foil),0.5,19.4,19.9
224/182,[ENG]	SV04	Paradox Rift:	224/182	Cofagrigus ex 	SR	(Foil),Cofagrigus ex SR (Foil),0.5,1.9,2.4
225/182,[ENG]	SV04	Paradox Rift:	225/182	Iron Valiant ex	SR	(Foil),Iron Valiant ex SR (Foil),0.5,4.8,5.3
226/182,[ENG]	SV04	Paradox Rift:	226/182	Hoopa ex	SR	(Foil),Hoopa ex SR (Foil),0.5,,
227/182,[ENG]	SV04	Paradox Rift:	227/182	Toxtricity ex	SR	(Foil),Toxtricity ex SR (Foil),0.5,3.5,4.0
228/182,[ENG]	SV04	Paradox Rift:	228/182	Sandy Shocks ex	SR	(Foil),Sandy Shocks ex SR (Foil),0.5,6.8,7.3
229/182,[ENG]	SV04	Paradox Rift:	229/182	Roaring Moon ex	SR	(Foil),Roaring Moon ex SR (Foil),0.5,7.4,7.9
230/182,[ENG]	SV04	Paradox Rift:	230/182	Aegislash ex	SR	(Foil),Aegislash ex SR (Foil),0.5,3.2,3.7
231/182,[ENG]	SV04	Paradox Rift:	231/182	Gholdengo ex	SR	(Foil),Gholdengo ex SR (Foil),0.5,5.4,5.9
232/182,[ENG]	SV04	Paradox Rift:	232/182	Altaria ex	SR	(Foil),Altaria ex SR (Foil),0.5,2.8,3.3
233/182,[ENG]	SV04	Paradox Rift:	233/182	Maushold ex	SR	(Foil),Maushold ex SR (Foil),0.5,7.4,7.9
234/182,[ENG]	SV04	Paradox Rift:	234/182	Bombirdier ex	SR	(Foil),Bombirdier ex SR (Foil),0.5,1.5,2.0
235/182,[ENG]	SV04	Paradox Rift:	235/182	Larry	SR	(Foil),Larry SR (Foil),0.5,1.9,2.4
236/182,[ENG]	SV04	Paradox Rift:	236/182	Mela	SR	(Foil),Mela SR (Foil),0.5,7.4,7.9
237/182,[ENG]	SV04	Paradox Rift:	237/182	Norman	SR	(Foil),Norman SR (Foil),0.5,1.9,2.4
238/182,[ENG]	SV04	Paradox Rift:	238/182	Parasol Lady	SR	(Foil),Parasol Lady SR (Foil),0.5,7.4,7.9
239/182,[ENG]	SV04	Paradox Rift:	239/182	Professor Sada's Vitality	SR	(Foil),Professor Sada's Vitality SR (Foil),0.5,18.0,18.5
240/182,[ENG]	SV04	Paradox Rift:	240/182	Professor Turo's Scenario 	SR	(Foil),Professor Turo's Scenario SR (Foil),0.5,10.1,10.6
241/182,[ENG]	SV04	Paradox Rift:	241/182	Rika	SR	(Foil),Rika SR (Foil),0.5,5.4,5.9
242/182,[ENG]	SV04	Paradox Rift:	242/182	Roark	SR	(Foil),Roark SR (Foil),0.5,1.5,2.0
243/182,[ENG]	SV04	Paradox Rift:	243/182	Shauntal	SR	(Foil),Shauntal SR (Foil),0.5,1.9,2.4
244/182,[ENG]	SV04	Paradox Rift:	244/182	Tulip	SR	(Foil),Tulip SR (Foil),0.5,5.4,5.9
245/182,[ENG]	SV04	Paradox Rift:	245/182	Garchomp ex	SIR	(Foil),Garchomp ex SIR (Foil),0.5,26.0,26.5
246/182,[ENG]	SV04	Paradox Rift:	246/182	Golisopod ex	SIR	(Foil),Golisopod ex SIR (Foil),0.5,18.0,18.5
247/182,[ENG]	SV04	Paradox Rift:	247/182	Tapu Koko ex 	SIR	(Foil),Tapu Koko ex SIR (Foil),0.5,22.0,22.5
248/182,[ENG]	SV04	Paradox Rift:	248/182	Iron Hands ex	SIR	(Foil),Iron Hands ex SIR (Foil),0.5,36.6,37.1
249/182,[ENG]	SV04	Paradox Rift:	249/182	Iron Valiant ex	SIR	(Foil),Iron Valiant ex SIR (Foil),0.5,37.9,38.4
250/182,[ENG]	SV04	Paradox Rift:	250/182	Sandy Shocks ex	SIR	(Foil),Sandy Shocks ex SIR (Foil),0.5,12.7,13.2
251/182,[ENG]	SV04	Paradox Rift:	251/182	Roaring Moon ex	SIR	(Foil),Roaring Moon ex SIR (Foil),0.5,92.2,92.7
252/182,[ENG]	SV04	Paradox Rift:	252/182	Gholdengo ex	SIR	(Foil),Gholdengo ex SIR (Foil),0.5,30.0,30.5
253/182,[ENG]	SV04	Paradox Rift:	253/182	Altaria ex	SIR	(Foil),Altaria ex SIR (Foil),0.5,45.9,46.4
254/182,[ENG]	SV04	Paradox Rift:	254/182	Mela	SIR	(Foil),Mela SIR (Foil),0.5,12.7,13.2
255/182,[ENG]	SV04	Paradox Rift:	255/182	Parasol Lady	SIR	(Foil),Parasol Lady SIR (Foil),0.5,20.7,21.2
256/182,[ENG]	SV04	Paradox Rift:	256/182	Professor Sada's Vitality	SIR	(Foil),Professor Sada's Vitality SIR (Foil),0.5,26.0,26.5
257/182,[ENG]	SV04	Paradox Rift:	257/182	Professor Turo's Scenario 	SIR	(Foil),Professor Turo's Scenario SIR (Foil),0.5,14.1,14.6
258/182,[ENG]	SV04	Paradox Rift:	258/182	Rika	SIR	(Foil),Rika SIR (Foil),0.5,11.4,11.9
259/182,[ENG]	SV04	Paradox Rift:	259/182	Tulip	SIR	(Foil),Tulip SIR (Foil),0.5,8.8,9.3
260/182,[ENG]	SV04	Paradox Rift:	260/182	Garchomp ex	UR	(Foil),Garchomp ex UR (Foil),0.5,12.7,13.2
261/182,[ENG]	SV04	Paradox Rift:	261/182	Iron Valiant ex	UR	(Foil),Iron Valiant ex UR (Foil),0.5,7.4,7.9
262/182,[ENG]	SV04	Paradox Rift:	262/182	Roaring Moon ex	UR	(Foil),Roaring Moon ex UR (Foil),0.5,10.1,10.6
263/182,[ENG]	SV04	Paradox Rift:	263/182	Beach Court	UR	(Foil),Beach Court UR (Foil),0.5,4.8,5.3
264/182,[ENG]	SV04	Paradox Rift:	264/182	Counter Catcher	UR	(Foil),Counter Catcher UR (Foil),0.5,15.4,15.9
265/182,[ENG]	SV04	Paradox Rift:	265/182	Luxurious Cape	UR	(Foil),Luxurious Cape UR (Foil),0.5,7.4,7.9
266/182,[ENG]	SV04	Paradox Rift:	266/182	Reversal Energy	UR	(Foil),Reversal Energy UR (Foil),0.5,5.4,5.9
